16044.jpg,4,
15960.jpg,2,
19300.jpg,0,
12101.jpg,6,
04080.jpg,2,
04319.jpg,0,
30606.jpg,0,
17300.jpg,1,
02753.jpg,6,
07724.jpg,3,
25546.jpg,6,
04197.jpg,0,
01963.jpg,5,
06481.jpg,6,
34965.jpg,0,
06498.jpg,5,
33644.jpg,3,
13193.jpg,5,
05660.jpg,0,
17035.jpg,3,
06799.jpg,4,
19158.jpg,5,
20534.jpg,3,
23102.jpg,3,
17583.jpg,6,
18079.jpg,0,
10639.jpg,3,
15084.jpg,0,
11877.jpg,4,
12356.jpg,2,
18040.jpg,3,
04066.jpg,0,
03450.jpg,0,
11921.jpg,3,
19278.jpg,3,
01392.jpg,4,
09352.jpg,0,
14999.jpg,5,
21030.jpg,4,
09839.jpg,6,
09849.jpg,3,
19151.jpg,3,
17541.jpg,5,
14450.jpg,3,
04444.jpg,6,
12499.jpg,4,
20317.jpg,5,
13723.jpg,6,
05890.jpg,4,
03330.jpg,6,
26200.jpg,6,
12510.jpg,3,
34096.jpg,4,
08445.jpg,3,
27280.jpg,0,
02418.jpg,2,
32750.jpg,5,
28636.jpg,2,
23176.jpg,3,
21005.jpg,6,
17402.jpg,6,
13499.jpg,6,
16539.jpg,5,
27694.jpg,3,
22777.jpg,6,
06504.jpg,6,
35580.jpg,3,
33140.jpg,2,
02747.jpg,1,
19356.jpg,2,
21500.jpg,2,
04016.jpg,0,
31677.jpg,4,
06589.jpg,5,
05872.jpg,2,
31469.jpg,4,
31894.jpg,4,
09997.jpg,5,
23338.jpg,0,
24931.jpg,5,
23013.jpg,6,
15973.jpg,3,
05189.jpg,4,
00254.jpg,6,
29368.jpg,4,
31502.jpg,6,
18582.jpg,0,
28326.jpg,0,
35060.jpg,0,
17523.jpg,4,
20264.jpg,3,
34073.jpg,5,
26094.jpg,3,
10485.jpg,6,
28781.jpg,5,
10131.jpg,6,
18604.jpg,2,
19791.jpg,0,
04351.jpg,6,
23888.jpg,6,
26499.jpg,4,
28017.jpg,5,
27174.jpg,0,
12589.jpg,2,
12200.jpg,6,
21827.jpg,5,
14208.jpg,5,
02928.jpg,2,
23501.jpg,6,
16721.jpg,3,
26974.jpg,2,
24367.jpg,4,
31012.jpg,3,
32353.jpg,0,
19497.jpg,3,
12955.jpg,3,
31327.jpg,4,
04175.jpg,3,
17058.jpg,2,
23257.jpg,2,
07681.jpg,3,
35299.jpg,0,
34683.jpg,6,
03392.jpg,2,
17386.jpg,5,
16385.jpg,4,
22170.jpg,6,
03305.jpg,4,
20251.jpg,6,
25345.jpg,3,
05761.jpg,5,
27935.jpg,2,
33579.jpg,6,
21650.jpg,3,
16663.jpg,0,
01781.jpg,2,
03182.jpg,5,
12417.jpg,6,
01413.jpg,0,
16799.jpg,4,
00011.jpg,0,
03745.jpg,3,
25681.jpg,0,
25075.jpg,2,
33043.jpg,5,
00933.jpg,0,
14148.jpg,0,
22670.jpg,6,
20923.jpg,4,
12370.jpg,4,
06359.jpg,3,
26100.jpg,0,
23197.jpg,0,
34095.jpg,3,
27982.jpg,5,
11215.jpg,2,
24624.jpg,6,
14635.jpg,4,
35447.jpg,4,
29692.jpg,5,
11339.jpg,2,
17325.jpg,6,
19582.jpg,6,
27861.jpg,6,
13390.jpg,4,
15877.jpg,5,
22192.jpg,3,
32264.jpg,3,
13734.jpg,3,
33950.jpg,3,
33279.jpg,3,
08742.jpg,2,
27716.jpg,0,
32480.jpg,6,
05105.jpg,0,
27208.jpg,2,
28035.jpg,3,
05946.jpg,6,
00394.jpg,0,
00840.jpg,4,
13548.jpg,3,
05640.jpg,2,
22044.jpg,5,
02689.jpg,4,
10127.jpg,3,
04001.jpg,4,
24173.jpg,6,
33964.jpg,5,
06162.jpg,2,
32709.jpg,3,
10240.jpg,6,
31591.jpg,0,
10440.jpg,0,
31070.jpg,0,
01117.jpg,2,
18476.jpg,4,
05336.jpg,1,
21053.jpg,4,
12992.jpg,6,
19062.jpg,6,
34113.jpg,2,
28308.jpg,3,
02782.jpg,0,
17342.jpg,4,
17733.jpg,5,
35305.jpg,3,
25619.jpg,6,
28870.jpg,0,
15450.jpg,5,
13293.jpg,3,
32133.jpg,5,
03356.jpg,6,
30736.jpg,2,
34060.jpg,6,
34498.jpg,3,
00702.jpg,2,
27858.jpg,4,
16174.jpg,4,
13843.jpg,3,
15034.jpg,3,
11052.jpg,6,
21391.jpg,6,
02267.jpg,5,
04007.jpg,3,
33021.jpg,4,
13808.jpg,2,
11331.jpg,4,
28018.jpg,3,
30410.jpg,3,
28024.jpg,5,
34960.jpg,2,
25387.jpg,2,
13765.jpg,4,
03597.jpg,3,
10466.jpg,3,
13586.jpg,2,
03192.jpg,6,
21861.jpg,0,
02526.jpg,0,
06730.jpg,2,
06702.jpg,0,
18984.jpg,0,
04985.jpg,3,
06875.jpg,2,
14888.jpg,6,
06058.jpg,5,
07771.jpg,4,
21780.jpg,0,
34090.jpg,4,
06440.jpg,5,
26313.jpg,4,
06645.jpg,4,
04088.jpg,6,
16161.jpg,3,
27626.jpg,3,
20371.jpg,3,
24858.jpg,6,
14620.jpg,2,
34576.jpg,4,
07626.jpg,5,
28524.jpg,4,
02642.jpg,2,
12939.jpg,6,
09822.jpg,5,
01163.jpg,5,
19361.jpg,0,
33925.jpg,0,
34398.jpg,3,
24764.jpg,2,
19297.jpg,2,
31101.jpg,0,
27470.jpg,4,
27457.jpg,6,
28594.jpg,2,
14142.jpg,6,
09962.jpg,5,
26763.jpg,4,
34954.jpg,2,
32020.jpg,0,
21989.jpg,4,
33629.jpg,4,
12780.jpg,3,
14372.jpg,3,
27974.jpg,5,
18970.jpg,6,
28666.jpg,4,
28496.jpg,0,
20935.jpg,5,
16621.jpg,5,
29486.jpg,3,
01903.jpg,5,
24595.jpg,5,
33917.jpg,4,
24561.jpg,3,
12278.jpg,4,
30775.jpg,2,
12732.jpg,6,
22452.jpg,6,
08402.jpg,3,
19086.jpg,6,
17676.jpg,4,
17687.jpg,4,
05497.jpg,0,
25914.jpg,6,
28044.jpg,4,
24277.jpg,4,
01483.jpg,4,
33662.jpg,1,
12304.jpg,2,
13204.jpg,5,
03899.jpg,6,
10117.jpg,4,
05955.jpg,3,
34382.jpg,0,
31107.jpg,3,
08890.jpg,3,
32745.jpg,4,
25460.jpg,3,
08278.jpg,6,
12014.jpg,6,
14101.jpg,2,
09237.jpg,6,
18164.jpg,6,
27885.jpg,5,
31473.jpg,0,
10732.jpg,1,
15196.jpg,2,
22280.jpg,3,
00873.jpg,2,
18354.jpg,1,
34056.jpg,5,
16444.jpg,4,
13700.jpg,3,
06291.jpg,3,
04317.jpg,2,
35672.jpg,4,
05626.jpg,6,
24107.jpg,4,
09018.jpg,5,
12752.jpg,0,
02520.jpg,5,
31369.jpg,1,
34815.jpg,4,
17293.jpg,1,
14731.jpg,3,
08735.jpg,0,
08572.jpg,4,
23276.jpg,2,
17650.jpg,3,
07355.jpg,2,
28850.jpg,6,
02710.jpg,0,
05107.jpg,4,
03977.jpg,0,
22390.jpg,3,
34045.jpg,3,
12266.jpg,6,
28665.jpg,6,
02026.jpg,3,
31235.jpg,0,
30246.jpg,3,
16366.jpg,5,
33963.jpg,4,
15372.jpg,4,
33004.jpg,3,
13710.jpg,6,
04881.jpg,0,
23611.jpg,6,
09032.jpg,5,
11809.jpg,3,
11557.jpg,5,
21871.jpg,6,
32115.jpg,2,
35042.jpg,0,
04908.jpg,0,
20990.jpg,5,
10966.jpg,0,
07981.jpg,2,
33614.jpg,2,
34812.jpg,2,
03069.jpg,0,
20608.jpg,3,
21770.jpg,4,
01191.jpg,3,
10441.jpg,0,
31886.jpg,2,
11175.jpg,0,
14321.jpg,3,
11740.jpg,4,
29009.jpg,5,
18152.jpg,4,
08150.jpg,0,
19235.jpg,6,
07600.jpg,6,
22403.jpg,6,
30770.jpg,5,
14478.jpg,4,
35491.jpg,4,
28719.jpg,0,
10478.jpg,3,
21806.jpg,2,
04340.jpg,6,
24839.jpg,0,
29284.jpg,5,
28937.jpg,6,
21150.jpg,3,
08893.jpg,4,
10322.jpg,4,
13578.jpg,0,
07665.jpg,3,
03664.jpg,3,
23358.jpg,3,
08447.jpg,4,
22878.jpg,0,
13279.jpg,2,
35306.jpg,5,
31749.jpg,6,
07110.jpg,4,
20380.jpg,3,
31624.jpg,6,
08495.jpg,5,
00169.jpg,6,
05982.jpg,5,
28699.jpg,3,
26049.jpg,2,
24650.jpg,4,
29452.jpg,0,
27028.jpg,4,
08467.jpg,2,
11596.jpg,4,
24572.jpg,2,
13012.jpg,4,
21915.jpg,4,
34112.jpg,5,
00515.jpg,4,
26920.jpg,0,
04514.jpg,5,
19123.jpg,6,
00535.jpg,4,
17774.jpg,2,
22817.jpg,4,
06834.jpg,4,
27390.jpg,4,
26608.jpg,0,
00738.jpg,3,
31726.jpg,3,
21353.jpg,2,
33605.jpg,2,
26381.jpg,6,
01547.jpg,6,
17620.jpg,5,
04852.jpg,4,
31585.jpg,2,
16470.jpg,6,
32290.jpg,1,
09583.jpg,5,
14602.jpg,6,
29104.jpg,0,
28273.jpg,4,
03170.jpg,4,
14963.jpg,4,
05510.jpg,3,
20744.jpg,0,
17989.jpg,4,
33480.jpg,3,
02011.jpg,6,
13463.jpg,6,
33578.jpg,4,
03021.jpg,5,
33075.jpg,3,
05417.jpg,3,
33592.jpg,4,
34972.jpg,4,
02351.jpg,3,
04174.jpg,4,
29185.jpg,1,
17087.jpg,3,
30701.jpg,3,
03903.jpg,3,
18684.jpg,3,
35278.jpg,0,
30393.jpg,3,
03125.jpg,2,
10620.jpg,0,
32073.jpg,0,
14607.jpg,6,
02896.jpg,6,
07912.jpg,0,
09729.jpg,5,
19083.jpg,4,
02926.jpg,0,
27060.jpg,0,
18249.jpg,3,
32333.jpg,1,
12430.jpg,2,
16750.jpg,3,
34334.jpg,0,
07679.jpg,2,
31486.jpg,0,
27687.jpg,6,
02933.jpg,6,
35372.jpg,3,
32278.jpg,4,
33486.jpg,3,
13774.jpg,4,
04625.jpg,4,
26233.jpg,0,
01462.jpg,4,
09625.jpg,5,
11258.jpg,5,
08480.jpg,3,
01026.jpg,2,
22319.jpg,3,
23345.jpg,6,
05221.jpg,0,
23394.jpg,4,
11871.jpg,3,
06529.jpg,6,
22325.jpg,3,
23641.jpg,0,
15546.jpg,5,
23154.jpg,1,
35579.jpg,3,
22304.jpg,3,
21647.jpg,0,
12175.jpg,3,
19932.jpg,2,
30329.jpg,3,
14981.jpg,6,
26786.jpg,3,
21627.jpg,0,
28656.jpg,3,
00552.jpg,6,
17525.jpg,3,
07071.jpg,6,
21545.jpg,4,
24911.jpg,3,
18500.jpg,1,
11260.jpg,4,
34160.jpg,3,
14091.jpg,3,
11973.jpg,2,
29676.jpg,0,
19689.jpg,0,
24707.jpg,4,
16143.jpg,6,
18672.jpg,0,
00722.jpg,3,
28995.jpg,0,
07764.jpg,3,
18253.jpg,6,
13883.jpg,6,
12555.jpg,4,
11950.jpg,0,
31340.jpg,3,
23091.jpg,6,
11984.jpg,6,
20211.jpg,4,
24628.jpg,4,
22809.jpg,4,
25134.jpg,2,
12275.jpg,6,
10393.jpg,5,
03462.jpg,2,
28336.jpg,5,
22657.jpg,0,
22100.jpg,4,
08222.jpg,0,
23592.jpg,2,
07101.jpg,3,
18589.jpg,0,
21479.jpg,0,
04058.jpg,6,
02463.jpg,4,
16348.jpg,3,
26909.jpg,4,
13835.jpg,6,
27045.jpg,4,
22302.jpg,3,
17725.jpg,0,
12560.jpg,6,
08698.jpg,6,
34039.jpg,3,
26032.jpg,3,
35762.jpg,6,
31651.jpg,6,
06209.jpg,0,
08217.jpg,6,
05822.jpg,3,
02281.jpg,2,
19936.jpg,6,
05178.jpg,4,
22088.jpg,5,
16082.jpg,3,
32631.jpg,5,
32154.jpg,0,
27008.jpg,6,
30800.jpg,2,
14076.jpg,6,
11739.jpg,6,
15873.jpg,3,
33699.jpg,2,
24410.jpg,3,
07237.jpg,2,
27981.jpg,6,
19913.jpg,2,
23624.jpg,6,
30899.jpg,4,
34619.jpg,2,
16988.jpg,6,
34019.jpg,6,
00504.jpg,6,
28953.jpg,0,
03173.jpg,6,
09941.jpg,3,
27613.jpg,0,
34000.jpg,6,
07787.jpg,2,
08372.jpg,0,
20653.jpg,4,
03261.jpg,3,
06147.jpg,2,
15781.jpg,1,
02626.jpg,1,
03360.jpg,2,
16166.jpg,5,
04595.jpg,4,
01144.jpg,2,
12018.jpg,6,
08793.jpg,0,
20989.jpg,3,
31357.jpg,2,
14630.jpg,3,
15959.jpg,3,
24189.jpg,2,
03683.jpg,2,
23978.jpg,2,
11983.jpg,2,
17347.jpg,3,
02563.jpg,6,
03213.jpg,3,
25047.jpg,2,
06562.jpg,0,
06270.jpg,5,
30063.jpg,2,
02661.jpg,6,
29140.jpg,4,
29997.jpg,6,
01376.jpg,0,
13360.jpg,2,
00214.jpg,3,
10767.jpg,3,
08454.jpg,2,
19729.jpg,3,
08109.jpg,2,
04577.jpg,3,
01601.jpg,3,
14295.jpg,3,
14989.jpg,3,
30177.jpg,3,
26107.jpg,0,
22748.jpg,3,
22143.jpg,3,
04513.jpg,3,
25154.jpg,5,
23541.jpg,2,
16375.jpg,2,
32919.jpg,5,
29638.jpg,6,
14654.jpg,6,
08593.jpg,5,
01443.jpg,3,
25291.jpg,4,
32632.jpg,6,
27772.jpg,1,
11977.jpg,5,
09068.jpg,4,
04246.jpg,2,
02532.jpg,3,
08476.jpg,4,
14897.jpg,4,
22423.jpg,5,
11333.jpg,3,
30612.jpg,4,
02734.jpg,3,
07150.jpg,6,
27865.jpg,6,
09473.jpg,1,
28278.jpg,6,
23053.jpg,3,
15187.jpg,3,
13016.jpg,3,
02203.jpg,3,
31278.jpg,4,
09710.jpg,3,
17630.jpg,0,
12576.jpg,3,
00601.jpg,2,
09920.jpg,0,
27848.jpg,0,
12433.jpg,0,
09689.jpg,6,
17056.jpg,4,
14516.jpg,2,
26844.jpg,5,
14181.jpg,6,
03087.jpg,3,
23556.jpg,3,
10016.jpg,2,
26294.jpg,3,
25451.jpg,6,
27069.jpg,3,
29562.jpg,4,
32844.jpg,4,
01409.jpg,4,
16011.jpg,4,
20377.jpg,3,
00222.jpg,0,
00293.jpg,2,
23049.jpg,0,
09519.jpg,3,
01819.jpg,3,
18584.jpg,6,
24050.jpg,4,
21280.jpg,6,
32334.jpg,3,
18256.jpg,3,
12322.jpg,3,
11230.jpg,2,
08594.jpg,0,
26596.jpg,0,
13106.jpg,3,
28790.jpg,0,
21674.jpg,0,
11190.jpg,6,
04937.jpg,4,
09596.jpg,5,
01602.jpg,2,
16211.jpg,3,
30428.jpg,5,
34738.jpg,3,
33375.jpg,5,
26762.jpg,3,
33218.jpg,2,
12269.jpg,3,
03064.jpg,1,
07591.jpg,3,
22519.jpg,5,
20648.jpg,3,
18171.jpg,5,
34702.jpg,5,
24611.jpg,4,
08385.jpg,6,
09429.jpg,5,
17110.jpg,4,
33132.jpg,0,
06115.jpg,2,
15478.jpg,3,
29718.jpg,3,
15149.jpg,3,
15714.jpg,6,
00718.jpg,6,
20523.jpg,4,
24866.jpg,2,
24738.jpg,3,
20359.jpg,2,
09600.jpg,3,
30954.jpg,6,
09543.jpg,3,
08881.jpg,6,
06820.jpg,2,
26398.jpg,3,
30506.jpg,4,
20226.jpg,1,
31579.jpg,6,
19794.jpg,6,
00768.jpg,6,
18032.jpg,6,
09595.jpg,3,
17672.jpg,4,
32513.jpg,0,
25571.jpg,2,
02606.jpg,6,
06944.jpg,2,
03610.jpg,4,
05160.jpg,2,
09899.jpg,2,
34754.jpg,3,
24939.jpg,6,
09369.jpg,2,
31991.jpg,3,
35648.jpg,3,
26946.jpg,3,
34165.jpg,4,
01741.jpg,3,
06134.jpg,5,
30637.jpg,3,
13069.jpg,5,
11061.jpg,0,
26147.jpg,0,
05648.jpg,3,
04035.jpg,2,
05039.jpg,5,
17498.jpg,2,
27840.jpg,3,
22450.jpg,4,
32201.jpg,0,
27466.jpg,6,
26342.jpg,4,
12621.jpg,1,
14909.jpg,6,
23669.jpg,5,
24088.jpg,4,
04247.jpg,3,
26480.jpg,3,
29697.jpg,3,
09672.jpg,6,
28589.jpg,6,
35799.jpg,5,
09620.jpg,0,
10751.jpg,6,
32567.jpg,2,
01160.jpg,3,
14727.jpg,3,
33960.jpg,6,
12261.jpg,4,
03817.jpg,6,
23885.jpg,4,
11522.jpg,2,
17647.jpg,2,
31462.jpg,2,
34020.jpg,3,
16554.jpg,6,
27534.jpg,6,
11967.jpg,4,
05125.jpg,3,
33357.jpg,0,
26727.jpg,2,
00655.jpg,0,
15251.jpg,2,
02471.jpg,4,
31056.jpg,5,
35300.jpg,3,
06411.jpg,5,
16461.jpg,3,
19912.jpg,1,
06515.jpg,4,
18077.jpg,3,
20242.jpg,5,
29921.jpg,5,
05594.jpg,0,
19482.jpg,3,
11272.jpg,5,
32272.jpg,2,
06493.jpg,4,
22960.jpg,4,
09825.jpg,6,
03917.jpg,0,
35338.jpg,4,
10415.jpg,1,
05602.jpg,5,
13864.jpg,2,
09522.jpg,5,
20491.jpg,3,
25944.jpg,4,
29188.jpg,2,
07814.jpg,3,
04346.jpg,3,
30010.jpg,0,
10062.jpg,5,
17374.jpg,4,
14251.jpg,4,
23262.jpg,4,
30048.jpg,0,
22467.jpg,3,
35653.jpg,6,
25670.jpg,0,
12915.jpg,3,
33180.jpg,4,
05061.jpg,0,
06617.jpg,3,
15701.jpg,0,
20268.jpg,3,
16905.jpg,2,
29796.jpg,2,
19955.jpg,0,
11395.jpg,2,
22561.jpg,3,
24208.jpg,2,
27074.jpg,3,
01200.jpg,6,
11220.jpg,6,
19012.jpg,3,
18609.jpg,0,
02330.jpg,6,
14388.jpg,6,
08516.jpg,0,
01037.jpg,2,
14361.jpg,3,
27303.jpg,0,
29270.jpg,1,
31476.jpg,2,
02208.jpg,6,
17475.jpg,6,
29414.jpg,5,
26060.jpg,0,
18748.jpg,3,
12539.jpg,5,
03284.jpg,5,
19888.jpg,2,
08076.jpg,6,
17633.jpg,2,
13603.jpg,6,
18392.jpg,0,
16658.jpg,0,
14924.jpg,3,
22555.jpg,5,
17089.jpg,5,
30311.jpg,4,
28605.jpg,0,
13695.jpg,2,
34521.jpg,4,
07510.jpg,0,
05214.jpg,2,
05773.jpg,4,
32518.jpg,6,
34600.jpg,3,
14258.jpg,1,
24942.jpg,6,
33494.jpg,4,
24766.jpg,3,
17020.jpg,5,
28964.jpg,3,
16940.jpg,2,
16631.jpg,6,
01355.jpg,3,
10845.jpg,4,
00987.jpg,4,
12027.jpg,3,
28814.jpg,2,
04402.jpg,2,
01496.jpg,5,
01935.jpg,3,
32256.jpg,4,
09775.jpg,3,
33777.jpg,6,
10002.jpg,3,
17766.jpg,2,
04786.jpg,2,
28848.jpg,2,
32972.jpg,3,
14426.jpg,3,
28698.jpg,3,
27022.jpg,6,
14165.jpg,0,
08207.jpg,5,
00090.jpg,4,
27992.jpg,0,
11116.jpg,6,
07802.jpg,3,
34063.jpg,6,
04347.jpg,6,
00861.jpg,0,
02923.jpg,3,
28491.jpg,2,
28175.jpg,3,
12535.jpg,4,
10029.jpg,4,
00691.jpg,3,
11887.jpg,4,
03451.jpg,4,
19606.jpg,3,
07535.jpg,4,
32404.jpg,4,
07473.jpg,4,
14711.jpg,2,
26252.jpg,6,
10220.jpg,6,
11182.jpg,0,
11972.jpg,1,
09367.jpg,1,
15946.jpg,5,
11321.jpg,6,
26278.jpg,4,
06646.jpg,4,
04832.jpg,3,
32042.jpg,3,
01551.jpg,3,
21326.jpg,3,
17471.jpg,3,
27999.jpg,6,
08577.jpg,5,
07190.jpg,2,
34524.jpg,6,
05647.jpg,4,
28108.jpg,6,
26979.jpg,3,
21603.jpg,3,
16962.jpg,2,
18647.jpg,0,
06913.jpg,0,
07719.jpg,2,
10076.jpg,2,
28182.jpg,1,
14330.jpg,0,
22346.jpg,2,
16048.jpg,0,
28808.jpg,3,
12478.jpg,6,
14174.jpg,4,
10532.jpg,4,
01218.jpg,3,
20021.jpg,5,
23293.jpg,6,
03433.jpg,2,
17849.jpg,2,
27732.jpg,3,
13085.jpg,4,
12437.jpg,6,
20368.jpg,5,
19177.jpg,6,
15601.jpg,3,
12047.jpg,5,
03499.jpg,6,
18891.jpg,0,
01785.jpg,6,
08210.jpg,2,
28515.jpg,3,
21880.jpg,2,
32901.jpg,6,
31306.jpg,3,
06762.jpg,4,
24204.jpg,3,
05783.jpg,2,
05123.jpg,2,
28057.jpg,6,
32541.jpg,0,
18997.jpg,0,
16339.jpg,4,
08349.jpg,4,
21492.jpg,2,
04815.jpg,3,
21646.jpg,6,
30856.jpg,3,
00259.jpg,2,
00072.jpg,2,
34430.jpg,3,
09621.jpg,4,
34241.jpg,0,
17978.jpg,4,
04947.jpg,5,
14439.jpg,0,
21792.jpg,4,
27504.jpg,2,
35671.jpg,6,
16772.jpg,2,
27881.jpg,0,
29608.jpg,6,
29725.jpg,3,
31298.jpg,3,
06286.jpg,3,
35801.jpg,0,
35296.jpg,3,
05238.jpg,3,
25934.jpg,3,
22077.jpg,2,
04369.jpg,0,
17887.jpg,6,
18440.jpg,0,
33807.jpg,2,
09835.jpg,3,
20565.jpg,3,
31783.jpg,2,
13518.jpg,0,
01220.jpg,3,
18556.jpg,5,
23742.jpg,6,
11723.jpg,4,
04607.jpg,3,
07493.jpg,0,
17778.jpg,2,
03013.jpg,4,
23765.jpg,4,
01583.jpg,0,
00452.jpg,4,
29801.jpg,3,
24977.jpg,3,
33555.jpg,4,
29366.jpg,3,
16730.jpg,4,
13219.jpg,6,
20005.jpg,0,
34958.jpg,5,
28724.jpg,6,
27005.jpg,0,
35559.jpg,2,
10503.jpg,3,
32782.jpg,3,
25486.jpg,5,
09750.jpg,5,
25041.jpg,2,
07029.jpg,3,
07432.jpg,5,
20579.jpg,4,
06259.jpg,5,
23788.jpg,3,
08689.jpg,2,
18732.jpg,2,
34223.jpg,0,
34467.jpg,3,
15516.jpg,3,
08456.jpg,3,
14959.jpg,1,
07518.jpg,2,
03413.jpg,0,
00026.jpg,3,
00067.jpg,4,
18112.jpg,5,
06577.jpg,0,
33384.jpg,1,
24573.jpg,3,
08708.jpg,6,
19457.jpg,0,
31243.jpg,3,
16468.jpg,6,
22186.jpg,2,
09540.jpg,0,
02730.jpg,3,
26367.jpg,4,
29687.jpg,6,
18771.jpg,4,
12371.jpg,3,
35735.jpg,4,
31936.jpg,5,
29273.jpg,0,
17060.jpg,0,
10146.jpg,3,
14950.jpg,3,
04964.jpg,0,
00595.jpg,3,
19560.jpg,2,
08484.jpg,6,
30261.jpg,0,
01713.jpg,4,
13880.jpg,6,
20978.jpg,0,
22235.jpg,0,
04241.jpg,5,
04000.jpg,5,
15259.jpg,3,
14698.jpg,5,
23761.jpg,4,
28568.jpg,3,
09642.jpg,3,
20981.jpg,6,
07612.jpg,6,
35843.jpg,5,
08423.jpg,0,
02682.jpg,2,
08661.jpg,5,
04420.jpg,4,
01617.jpg,3,
23663.jpg,5,
32163.jpg,3,
23602.jpg,4,
12891.jpg,2,
08317.jpg,3,
03544.jpg,3,
24832.jpg,5,
32263.jpg,3,
12888.jpg,3,
31050.jpg,4,
32069.jpg,3,
04903.jpg,4,
20162.jpg,6,
11510.jpg,4,
09001.jpg,6,
10408.jpg,4,
00823.jpg,4,
10594.jpg,2,
30228.jpg,0,
11088.jpg,6,
16228.jpg,3,
05969.jpg,3,
21773.jpg,4,
19423.jpg,4,
16626.jpg,3,
12153.jpg,4,
28525.jpg,6,
24097.jpg,3,
02947.jpg,5,
35550.jpg,4,
13508.jpg,5,
32499.jpg,2,
20548.jpg,3,
12938.jpg,3,
08064.jpg,5,
12551.jpg,4,
21124.jpg,5,
33617.jpg,6,
07465.jpg,2,
14718.jpg,6,
03804.jpg,6,
10164.jpg,0,
16005.jpg,3,
10853.jpg,3,
10265.jpg,6,
16378.jpg,0,
21816.jpg,4,
00690.jpg,2,
28350.jpg,0,
15183.jpg,5,
22838.jpg,2,
32651.jpg,0,
24239.jpg,6,
23881.jpg,2,
22018.jpg,5,
23715.jpg,6,
18828.jpg,3,
29932.jpg,0,
25629.jpg,4,
03617.jpg,0,
08552.jpg,4,
33281.jpg,4,
27059.jpg,3,
22987.jpg,2,
23236.jpg,0,
08752.jpg,4,
28874.jpg,6,
14194.jpg,4,
05953.jpg,0,
12368.jpg,0,
01534.jpg,0,
19685.jpg,2,
33348.jpg,5,
05474.jpg,2,
18064.jpg,6,
00596.jpg,5,
06825.jpg,4,
24867.jpg,4,
24749.jpg,5,
24706.jpg,5,
35597.jpg,3,
29934.jpg,0,
12334.jpg,4,
01822.jpg,3,
26130.jpg,5,
18533.jpg,5,
22065.jpg,3,
28632.jpg,0,
25199.jpg,5,
35783.jpg,4,
32994.jpg,3,
34127.jpg,1,
08052.jpg,0,
01957.jpg,5,
05677.jpg,4,
29247.jpg,6,
07543.jpg,2,
16770.jpg,3,
23458.jpg,6,
17952.jpg,4,
22530.jpg,5,
08673.jpg,2,
14887.jpg,5,
32956.jpg,3,
05859.jpg,2,
11879.jpg,6,
18843.jpg,4,
29722.jpg,6,
24479.jpg,5,
25573.jpg,6,
29849.jpg,6,
04829.jpg,5,
14437.jpg,6,
31881.jpg,6,
14927.jpg,5,
22806.jpg,3,
31248.jpg,0,
23631.jpg,3,
22059.jpg,3,
05272.jpg,3,
01198.jpg,3,
03402.jpg,6,
16708.jpg,5,
02304.jpg,6,
32672.jpg,6,
14384.jpg,2,
08304.jpg,3,
02030.jpg,4,
16928.jpg,4,
26912.jpg,2,
19000.jpg,2,
05586.jpg,2,
16508.jpg,5,
15126.jpg,5,
07609.jpg,6,
09950.jpg,5,
13252.jpg,2,
06925.jpg,6,
22110.jpg,3,
05663.jpg,3,
25474.jpg,5,
32277.jpg,4,
16293.jpg,0,
06856.jpg,3,
22665.jpg,4,
22724.jpg,3,
29317.jpg,4,
26907.jpg,3,
28727.jpg,0,
09247.jpg,3,
24098.jpg,6,
17945.jpg,5,
05815.jpg,4,
10018.jpg,6,
12285.jpg,3,
26945.jpg,5,
26736.jpg,5,
33299.jpg,3,
02989.jpg,2,
00952.jpg,3,
18303.jpg,2,
27590.jpg,3,
04388.jpg,6,
15210.jpg,6,
29235.jpg,3,
16065.jpg,3,
17623.jpg,6,
09888.jpg,5,
28435.jpg,5,
02377.jpg,6,
01703.jpg,6,
29042.jpg,0,
29591.jpg,6,
07263.jpg,0,
35535.jpg,0,
03761.jpg,3,
07477.jpg,5,
23941.jpg,6,
01350.jpg,0,
33466.jpg,2,
25404.jpg,5,
27318.jpg,4,
11389.jpg,4,
19366.jpg,5,
07631.jpg,6,
10562.jpg,4,
24689.jpg,5,
21022.jpg,0,
27997.jpg,5,
24321.jpg,2,
33612.jpg,2,
28892.jpg,5,
22202.jpg,3,
12315.jpg,0,
11218.jpg,4,
24307.jpg,3,
34594.jpg,1,
18915.jpg,4,
02464.jpg,3,
04631.jpg,5,
12191.jpg,4,
01380.jpg,5,
08289.jpg,3,
22729.jpg,4,
21608.jpg,3,
31291.jpg,4,
17348.jpg,6,
23178.jpg,0,
02542.jpg,3,
35058.jpg,3,
27556.jpg,4,
32528.jpg,3,
29975.jpg,3,
17514.jpg,6,
16574.jpg,3,
02390.jpg,1,
13655.jpg,2,
29846.jpg,5,
21724.jpg,0,
25272.jpg,3,
21123.jpg,2,
13969.jpg,3,
24807.jpg,5,
29559.jpg,5,
10535.jpg,2,
09742.jpg,0,
28074.jpg,4,
14050.jpg,4,
34036.jpg,3,
12455.jpg,5,
27887.jpg,0,
16467.jpg,5,
05785.jpg,6,
19328.jpg,0,
02564.jpg,3,
11515.jpg,6,
34350.jpg,2,
34764.jpg,6,
01645.jpg,3,
35758.jpg,5,
33939.jpg,3,
13275.jpg,5,
23608.jpg,2,
18069.jpg,2,
11403.jpg,4,
28860.jpg,2,
10245.jpg,2,
18172.jpg,6,
31741.jpg,4,
20882.jpg,3,
17158.jpg,5,
30834.jpg,4,
28606.jpg,0,
10152.jpg,3,
10666.jpg,4,
18678.jpg,4,
01164.jpg,2,
20398.jpg,4,
08910.jpg,4,
23965.jpg,5,
10728.jpg,3,
35307.jpg,6,
10817.jpg,6,
04845.jpg,0,
30370.jpg,1,
11146.jpg,4,
32418.jpg,0,
13784.jpg,6,
15777.jpg,3,
25844.jpg,4,
01708.jpg,3,
19336.jpg,5,
21575.jpg,3,
05848.jpg,4,
26510.jpg,6,
20476.jpg,1,
35429.jpg,5,
15889.jpg,5,
35764.jpg,2,
35205.jpg,4,
13188.jpg,4,
34306.jpg,0,
25788.jpg,0,
03764.jpg,3,
21245.jpg,2,
16066.jpg,6,
17701.jpg,0,
06475.jpg,4,
14249.jpg,0,
25133.jpg,2,
14533.jpg,5,
20789.jpg,5,
10677.jpg,6,
31922.jpg,0,
02333.jpg,2,
01022.jpg,6,
26299.jpg,0,
25063.jpg,3,
20825.jpg,4,
01085.jpg,5,
31304.jpg,3,
26115.jpg,2,
24981.jpg,0,
12692.jpg,2,
14807.jpg,2,
01053.jpg,3,
12137.jpg,0,
29431.jpg,3,
12680.jpg,0,
22150.jpg,4,
34084.jpg,2,
15497.jpg,6,
33194.jpg,4,
12427.jpg,3,
01722.jpg,2,
24004.jpg,6,
31288.jpg,6,
22813.jpg,5,
18385.jpg,0,
19536.jpg,4,
09674.jpg,3,
10712.jpg,4,
09736.jpg,2,
28238.jpg,5,
19201.jpg,3,
12113.jpg,3,
07895.jpg,2,
15735.jpg,4,
08010.jpg,2,
14995.jpg,3,
18956.jpg,4,
24844.jpg,3,
16102.jpg,6,
08706.jpg,2,
28186.jpg,2,
31155.jpg,0,
24951.jpg,1,
30346.jpg,6,
00109.jpg,2,
21644.jpg,5,
20681.jpg,6,
31297.jpg,0,
09481.jpg,4,
07424.jpg,6,
23054.jpg,5,
09138.jpg,2,
16391.jpg,3,
07068.jpg,2,
16894.jpg,5,
15987.jpg,2,
21196.jpg,6,
11446.jpg,4,
07423.jpg,6,
29743.jpg,3,
25800.jpg,6,
32332.jpg,0,
24642.jpg,2,
26486.jpg,5,
29858.jpg,6,
26828.jpg,3,
00731.jpg,4,
32252.jpg,3,
35543.jpg,4,
30070.jpg,3,
30141.jpg,2,
17793.jpg,2,
27878.jpg,5,
16566.jpg,0,
23549.jpg,4,
10768.jpg,4,
14116.jpg,5,
31355.jpg,5,
00631.jpg,6,
31231.jpg,3,
04974.jpg,5,
04412.jpg,2,
10193.jpg,0,
09528.jpg,2,
32716.jpg,4,
29161.jpg,3,
33068.jpg,5,
29860.jpg,6,
32955.jpg,2,
24001.jpg,4,
18153.jpg,5,
06337.jpg,3,
22345.jpg,3,
31008.jpg,2,
14212.jpg,5,
14011.jpg,6,
11450.jpg,0,
34535.jpg,0,
24262.jpg,4,
00243.jpg,0,
14746.jpg,3,
21600.jpg,2,
30132.jpg,3,
27161.jpg,3,
23557.jpg,0,
10295.jpg,6,
34346.jpg,2,
30157.jpg,2,
28205.jpg,2,
29861.jpg,0,
13529.jpg,3,
04529.jpg,4,
07770.jpg,6,
29806.jpg,6,
16168.jpg,2,
04512.jpg,5,
22775.jpg,6,
16518.jpg,1,
24730.jpg,4,
03041.jpg,5,
33598.jpg,0,
27862.jpg,5,
07792.jpg,4,
25828.jpg,3,
03724.jpg,2,
19128.jpg,3,
12501.jpg,6,
23998.jpg,6,
26217.jpg,3,
30348.jpg,1,
09461.jpg,1,
02083.jpg,2,
08424.jpg,0,
24992.jpg,2,
08000.jpg,0,
16309.jpg,3,
21657.jpg,3,
27044.jpg,3,
01201.jpg,0,
09397.jpg,6,
21102.jpg,2,
15143.jpg,2,
02885.jpg,0,
16768.jpg,3,
32106.jpg,3,
04112.jpg,3,
10434.jpg,2,
06178.jpg,1,
29957.jpg,4,
06575.jpg,4,
23350.jpg,5,
13644.jpg,4,
30388.jpg,5,
02541.jpg,6,
06296.jpg,3,
16259.jpg,4,
35628.jpg,3,
04659.jpg,2,
25879.jpg,6,
00039.jpg,0,
17377.jpg,3,
12176.jpg,6,
15008.jpg,6,
24271.jpg,4,
11332.jpg,4,
02063.jpg,6,
02285.jpg,3,
02808.jpg,3,
33423.jpg,4,
25243.jpg,2,
15258.jpg,3,
03763.jpg,4,
21709.jpg,3,
02149.jpg,0,
03842.jpg,4,
20836.jpg,2,
05274.jpg,3,
19412.jpg,6,
15692.jpg,1,
14566.jpg,3,
24864.jpg,6,
20061.jpg,3,
21145.jpg,4,
22699.jpg,6,
13619.jpg,3,
22155.jpg,3,
26825.jpg,5,
02054.jpg,6,
05810.jpg,2,
16460.jpg,3,
04114.jpg,0,
15790.jpg,3,
06044.jpg,3,
01611.jpg,0,
02117.jpg,3,
33028.jpg,5,
26041.jpg,4,
01900.jpg,0,
33920.jpg,2,
23069.jpg,3,
29378.jpg,4,
30276.jpg,6,
05461.jpg,0,
26316.jpg,5,
01263.jpg,3,
17652.jpg,2,
09606.jpg,3,
04933.jpg,5,
12900.jpg,4,
13283.jpg,6,
17629.jpg,0,
00376.jpg,2,
33653.jpg,5,
27833.jpg,3,
07834.jpg,0,
28640.jpg,5,
16860.jpg,4,
12646.jpg,0,
13626.jpg,4,
21668.jpg,4,
32784.jpg,6,
13551.jpg,0,
19094.jpg,0,
01854.jpg,3,
26262.jpg,3,
04987.jpg,2,
25121.jpg,2,
00361.jpg,0,
00260.jpg,0,
34311.jpg,2,
07226.jpg,4,
01675.jpg,0,
13485.jpg,4,
13834.jpg,3,
31849.jpg,5,
20912.jpg,4,
05784.jpg,3,
24963.jpg,6,
21073.jpg,5,
09970.jpg,5,
05430.jpg,3,
26011.jpg,5,
25912.jpg,0,
15371.jpg,3,
21785.jpg,3,
21620.jpg,3,
06028.jpg,6,
28714.jpg,3,
15883.jpg,6,
24818.jpg,3,
20728.jpg,3,
16416.jpg,5,
35534.jpg,4,
09379.jpg,5,
16372.jpg,3,
00859.jpg,6,
33549.jpg,2,
16212.jpg,0,
35636.jpg,3,
07091.jpg,0,
09536.jpg,0,
21602.jpg,0,
08035.jpg,3,
08265.jpg,6,
08323.jpg,3,
29425.jpg,3,
05811.jpg,0,
17739.jpg,5,
21991.jpg,3,
31075.jpg,3,
03552.jpg,0,
27332.jpg,6,
16971.jpg,4,
15091.jpg,4,
01027.jpg,4,
11245.jpg,3,
00406.jpg,6,
00804.jpg,3,
23423.jpg,6,
31481.jpg,4,
00685.jpg,3,
29302.jpg,4,
21258.jpg,6,
01796.jpg,2,
30913.jpg,3,
28089.jpg,4,
29334.jpg,3,
30807.jpg,2,
35577.jpg,6,
30562.jpg,6,
17657.jpg,2,
11844.jpg,2,
00250.jpg,0,
23028.jpg,4,
20661.jpg,4,
16701.jpg,3,
32097.jpg,5,
33652.jpg,2,
25675.jpg,5,
32559.jpg,3,
08053.jpg,0,
17419.jpg,6,
18663.jpg,3,
08249.jpg,4,
02295.jpg,6,
28325.jpg,3,
28967.jpg,4,
13374.jpg,4,
32592.jpg,4,
28126.jpg,2,
21420.jpg,3,
13361.jpg,6,
18742.jpg,6,
33637.jpg,4,
27849.jpg,4,
12166.jpg,6,
17316.jpg,6,
12133.jpg,4,
10081.jpg,5,
09671.jpg,4,
04224.jpg,6,
16961.jpg,3,
33164.jpg,6,
34838.jpg,2,
03348.jpg,1,
29078.jpg,2,
02962.jpg,5,
15627.jpg,3,
01005.jpg,3,
22239.jpg,4,
04275.jpg,4,
08610.jpg,0,
30269.jpg,0,
16370.jpg,2,
01322.jpg,2,
18165.jpg,6,
10214.jpg,5,
34701.jpg,2,
26926.jpg,4,
13711.jpg,6,
33386.jpg,5,
17812.jpg,1,
08412.jpg,6,
09503.jpg,2,
27322.jpg,5,
18413.jpg,4,
25689.jpg,0,
01613.jpg,4,
27574.jpg,4,
35779.jpg,0,
04767.jpg,4,
03146.jpg,3,
27068.jpg,6,
25359.jpg,6,
34792.jpg,3,
19635.jpg,2,
26961.jpg,3,
34471.jpg,0,
25836.jpg,4,
02300.jpg,6,
01024.jpg,3,
34475.jpg,0,
19798.jpg,6,
16447.jpg,5,
24919.jpg,3,
35139.jpg,5,
35023.jpg,2,
32100.jpg,5,
18155.jpg,4,
21413.jpg,3,
00727.jpg,5,
10447.jpg,5,
11415.jpg,5,
02652.jpg,2,
24647.jpg,5,
03485.jpg,3,
18168.jpg,5,
21071.jpg,2,
07927.jpg,5,
08923.jpg,0,
22156.jpg,0,
16092.jpg,2,
05396.jpg,6,
26248.jpg,3,
31692.jpg,3,
06123.jpg,0,
13659.jpg,5,
15682.jpg,5,
15191.jpg,0,
01852.jpg,4,
34758.jpg,5,
17944.jpg,4,
03398.jpg,4,
07341.jpg,2,
18564.jpg,3,
28458.jpg,3,
25600.jpg,6,
07879.jpg,4,
05042.jpg,0,
26112.jpg,6,
31831.jpg,3,
05908.jpg,0,
27229.jpg,3,
08846.jpg,4,
33566.jpg,3,
00045.jpg,6,
12786.jpg,6,
12895.jpg,4,
15700.jpg,0,
34146.jpg,3,
02704.jpg,5,
20048.jpg,4,
20013.jpg,3,
04679.jpg,0,
28371.jpg,5,
12099.jpg,3,
24038.jpg,3,
25448.jpg,2,
01276.jpg,3,
34131.jpg,6,
13021.jpg,6,
11121.jpg,3,
23125.jpg,6,
20087.jpg,6,
11064.jpg,4,
10166.jpg,4,
29077.jpg,3,
05541.jpg,6,
05593.jpg,5,
04161.jpg,6,
23813.jpg,0,
30016.jpg,0,
08179.jpg,2,
35230.jpg,6,
22096.jpg,6,
29495.jpg,6,
10154.jpg,3,
15212.jpg,3,
09616.jpg,0,
07043.jpg,5,
17497.jpg,0,
08485.jpg,3,
31719.jpg,3,
23434.jpg,5,
27662.jpg,3,
28521.jpg,6,
33723.jpg,2,
14139.jpg,2,
30873.jpg,0,
32304.jpg,0,
20505.jpg,4,
25021.jpg,2,
16241.jpg,0,
14200.jpg,2,
16142.jpg,3,
10183.jpg,3,
31758.jpg,3,
20850.jpg,0,
34733.jpg,3,
29036.jpg,0,
24960.jpg,0,
18292.jpg,2,
24904.jpg,6,
16906.jpg,4,
21139.jpg,6,
11848.jpg,2,
24072.jpg,0,
18989.jpg,2,
32446.jpg,6,
02767.jpg,3,
30609.jpg,3,
27384.jpg,2,
20432.jpg,4,
29294.jpg,5,
11794.jpg,3,
19477.jpg,0,
19787.jpg,5,
07822.jpg,3,
18409.jpg,2,
13713.jpg,3,
23849.jpg,3,
12787.jpg,4,
18912.jpg,2,
17864.jpg,2,
34816.jpg,3,
11051.jpg,4,
26795.jpg,4,
22910.jpg,6,
18580.jpg,6,
17959.jpg,1,
26004.jpg,5,
19524.jpg,4,
19459.jpg,0,
13387.jpg,0,
05583.jpg,0,
23463.jpg,3,
34117.jpg,0,
01451.jpg,0,
19378.jpg,3,
08866.jpg,4,
12451.jpg,0,
04961.jpg,6,
16071.jpg,5,
13523.jpg,3,
35235.jpg,0,
31821.jpg,6,
07628.jpg,3,
04703.jpg,6,
34478.jpg,4,
29650.jpg,3,
21434.jpg,3,
15199.jpg,2,
17482.jpg,3,
01929.jpg,3,
21951.jpg,0,
30871.jpg,3,
26994.jpg,3,
08790.jpg,2,
29346.jpg,5,
24093.jpg,5,
20049.jpg,3,
01397.jpg,0,
06684.jpg,6,
00667.jpg,3,
24207.jpg,2,
19354.jpg,4,
12989.jpg,2,
17859.jpg,2,
19004.jpg,4,
09643.jpg,3,
01902.jpg,4,
19314.jpg,4,
22033.jpg,4,
24232.jpg,3,
26992.jpg,4,
17259.jpg,5,
13014.jpg,0,
29962.jpg,3,
29916.jpg,6,
30677.jpg,3,
32918.jpg,3,
22589.jpg,5,
10626.jpg,5,
23144.jpg,6,
27758.jpg,3,
20082.jpg,3,
35093.jpg,0,
13945.jpg,3,
16698.jpg,3,
16683.jpg,5,
08094.jpg,4,
32908.jpg,0,
35460.jpg,3,
01719.jpg,4,
05545.jpg,0,
30733.jpg,2,
15010.jpg,4,
24061.jpg,2,
18486.jpg,3,
12259.jpg,2,
34632.jpg,3,
19122.jpg,5,
28569.jpg,4,
05573.jpg,6,
35676.jpg,3,
00585.jpg,6,
22658.jpg,2,
23462.jpg,3,
29538.jpg,5,
34646.jpg,3,
25862.jpg,4,
08233.jpg,5,
13579.jpg,4,
11342.jpg,2,
29308.jpg,4,
30217.jpg,3,
26758.jpg,2,
25239.jpg,1,
14198.jpg,4,
26081.jpg,3,
17703.jpg,6,
07083.jpg,0,
21784.jpg,3,
25129.jpg,2,
30036.jpg,4,
35256.jpg,6,
04494.jpg,0,
26220.jpg,5,
05132.jpg,2,
10250.jpg,5,
23380.jpg,0,
21278.jpg,0,
10868.jpg,2,
06267.jpg,6,
09291.jpg,3,
11315.jpg,6,
11411.jpg,0,
11381.jpg,4,
33854.jpg,3,
31286.jpg,3,
07896.jpg,3,
25153.jpg,2,
05288.jpg,0,
31262.jpg,0,
32614.jpg,4,
02727.jpg,2,
32455.jpg,0,
27584.jpg,2,
00128.jpg,4,
20464.jpg,4,
02301.jpg,2,
00060.jpg,2,
23713.jpg,4,
19653.jpg,3,
03907.jpg,3,
33243.jpg,5,
11680.jpg,4,
26923.jpg,3,
28500.jpg,6,
04401.jpg,4,
24948.jpg,4,
19773.jpg,3,
26564.jpg,3,
31109.jpg,0,
13701.jpg,5,
10808.jpg,3,
11412.jpg,0,
04030.jpg,3,
12089.jpg,2,
31770.jpg,6,
27672.jpg,3,
23826.jpg,6,
08196.jpg,6,
31159.jpg,4,
19176.jpg,0,
33996.jpg,1,
06018.jpg,0,
14825.jpg,6,
12712.jpg,4,
08863.jpg,6,
01549.jpg,3,
35572.jpg,4,
11461.jpg,0,
31277.jpg,3,
14488.jpg,6,
34303.jpg,3,
02629.jpg,4,
00772.jpg,5,
19710.jpg,3,
22166.jpg,4,
17585.jpg,5,
04203.jpg,6,
22599.jpg,6,
13881.jpg,4,
35594.jpg,6,
31572.jpg,3,
03394.jpg,0,
33586.jpg,0,
24593.jpg,4,
00339.jpg,0,
28962.jpg,4,
09119.jpg,5,
20104.jpg,1,
14719.jpg,4,
35128.jpg,6,
03403.jpg,2,
17306.jpg,3,
13637.jpg,0,
08264.jpg,4,
06887.jpg,4,
07606.jpg,2,
14799.jpg,5,
16705.jpg,3,
21104.jpg,5,
11927.jpg,3,
07124.jpg,3,
19957.jpg,3,
27643.jpg,6,
30969.jpg,4,
03161.jpg,4,
26629.jpg,2,
02181.jpg,2,
14701.jpg,3,
22312.jpg,5,
06688.jpg,0,
26343.jpg,6,
15027.jpg,4,
00288.jpg,3,
07065.jpg,6,
32783.jpg,6,
21532.jpg,4,
19828.jpg,4,
10433.jpg,3,
09184.jpg,6,
03839.jpg,0,
20625.jpg,5,
13103.jpg,2,
26349.jpg,5,
17198.jpg,4,
18196.jpg,5,
27509.jpg,3,
15438.jpg,2,
28379.jpg,0,
35578.jpg,6,
11228.jpg,3,
09446.jpg,4,
07354.jpg,2,
33468.jpg,0,
08659.jpg,3,
20291.jpg,0,
18879.jpg,6,
25830.jpg,3,
10994.jpg,2,
23791.jpg,0,
28961.jpg,2,
15346.jpg,0,
20760.jpg,2,
26308.jpg,3,
30864.jpg,4,
07892.jpg,4,
11388.jpg,6,
16589.jpg,3,
09211.jpg,6,
09785.jpg,5,
25308.jpg,6,
12961.jpg,5,
14697.jpg,4,
02766.jpg,3,
01958.jpg,0,
21392.jpg,3,
26391.jpg,6,
17149.jpg,5,
00154.jpg,3,
32936.jpg,6,
06466.jpg,2,
08396.jpg,3,
26702.jpg,0,
13006.jpg,3,
33443.jpg,3,
35694.jpg,2,
21163.jpg,3,
22617.jpg,6,
06494.jpg,0,
08879.jpg,2,
24331.jpg,4,
23986.jpg,3,
10739.jpg,6,
08280.jpg,3,
09818.jpg,0,
32894.jpg,4,
29505.jpg,3,
15053.jpg,4,
26715.jpg,0,
05628.jpg,2,
18237.jpg,6,
08026.jpg,2,
18635.jpg,3,
14874.jpg,0,
10238.jpg,3,
06942.jpg,3,
01841.jpg,6,
30116.jpg,2,
30587.jpg,5,
11179.jpg,4,
28203.jpg,6,
02556.jpg,4,
06166.jpg,4,
07545.jpg,4,
09325.jpg,6,
30172.jpg,0,
11526.jpg,6,
17086.jpg,0,
07565.jpg,4,
06230.jpg,1,
26400.jpg,2,
19058.jpg,2,
31174.jpg,5,
12344.jpg,3,
16351.jpg,6,
17054.jpg,0,
35079.jpg,4,
04252.jpg,5,
29073.jpg,6,
21004.jpg,6,
03783.jpg,2,
08721.jpg,0,
32790.jpg,2,
07248.jpg,0,
00971.jpg,6,
14296.jpg,5,
05907.jpg,6,
08868.jpg,3,
17997.jpg,3,
00041.jpg,0,
18120.jpg,0,
10116.jpg,0,
14720.jpg,0,
10796.jpg,4,
02085.jpg,4,
09806.jpg,6,
16336.jpg,3,
20350.jpg,0,
19210.jpg,2,
10892.jpg,3,
23030.jpg,3,
08945.jpg,5,
06104.jpg,6,
05317.jpg,4,
23679.jpg,2,
17665.jpg,4,
20033.jpg,3,
06076.jpg,0,
00759.jpg,1,
01838.jpg,2,
10875.jpg,0,
23764.jpg,3,
26922.jpg,5,
08884.jpg,6,
05118.jpg,2,
15488.jpg,5,
14019.jpg,0,
19889.jpg,2,
01252.jpg,6,
05565.jpg,0,
31496.jpg,2,
06478.jpg,3,
34002.jpg,4,
33502.jpg,5,
31721.jpg,4,
16590.jpg,2,
34258.jpg,3,
32838.jpg,3,
28957.jpg,3,
19153.jpg,0,
09183.jpg,4,
07466.jpg,0,
35755.jpg,6,
11106.jpg,2,
27854.jpg,5,
30558.jpg,4,
19788.jpg,6,
09287.jpg,3,
12428.jpg,4,
33032.jpg,6,
20415.jpg,3,
26139.jpg,6,
34562.jpg,2,
03877.jpg,5,
34536.jpg,0,
04768.jpg,0,
10964.jpg,5,
17109.jpg,2,
26685.jpg,2,
07174.jpg,4,
08737.jpg,5,
31620.jpg,4,
15710.jpg,0,
33352.jpg,0,
29593.jpg,6,
09873.jpg,3,
25522.jpg,4,
35748.jpg,6,
05153.jpg,3,
33276.jpg,3,
15880.jpg,3,
17663.jpg,4,
23473.jpg,3,
14435.jpg,3,
01982.jpg,4,
18613.jpg,1,
01507.jpg,2,
04678.jpg,4,
12702.jpg,6,
24457.jpg,2,
26728.jpg,2,
26055.jpg,2,
35704.jpg,0,
11702.jpg,3,
31033.jpg,4,
24708.jpg,6,
29044.jpg,2,
18701.jpg,3,
29489.jpg,2,
33801.jpg,5,
31822.jpg,2,
14325.jpg,5,
16210.jpg,4,
29840.jpg,2,
26034.jpg,3,
28536.jpg,6,
06477.jpg,6,
14817.jpg,4,
03615.jpg,6,
14413.jpg,0,
07622.jpg,3,
29397.jpg,3,
24119.jpg,4,
25453.jpg,3,
32516.jpg,3,
34680.jpg,4,
26324.jpg,2,
14089.jpg,3,
02433.jpg,3,
21328.jpg,4,
23569.jpg,6,
23231.jpg,0,
13674.jpg,0,
04152.jpg,6,
14683.jpg,4,
29682.jpg,3,
23142.jpg,1,
03787.jpg,3,
25193.jpg,0,
19972.jpg,3,
13872.jpg,6,
19285.jpg,3,
20678.jpg,3,
04895.jpg,6,
19740.jpg,6,
28986.jpg,4,
24343.jpg,4,
31325.jpg,5,
11349.jpg,4,
14934.jpg,3,
19206.jpg,4,
07549.jpg,3,
26577.jpg,0,
15647.jpg,3,
00338.jpg,6,
00708.jpg,2,
04506.jpg,4,
25447.jpg,3,
06711.jpg,6,
13070.jpg,2,
21325.jpg,4,
30341.jpg,0,
08733.jpg,6,
05931.jpg,4,
19657.jpg,0,
10983.jpg,2,
03150.jpg,4,
31506.jpg,0,
11492.jpg,6,
05823.jpg,0,
33845.jpg,3,
25974.jpg,0,
14822.jpg,0,
08985.jpg,6,
12543.jpg,3,
19820.jpg,0,
07292.jpg,0,
20223.jpg,0,
10609.jpg,3,
12785.jpg,3,
02925.jpg,3,
14501.jpg,4,
17114.jpg,6,
24604.jpg,2,
17223.jpg,0,
12916.jpg,0,
30185.jpg,5,
06320.jpg,0,
26544.jpg,4,
32175.jpg,3,
09472.jpg,3,
08369.jpg,5,
35367.jpg,2,
04348.jpg,5,
17520.jpg,5,
06420.jpg,5,
02022.jpg,0,
12782.jpg,3,
08197.jpg,2,
16079.jpg,3,
24184.jpg,4,
25984.jpg,4,
28758.jpg,5,
15389.jpg,6,
06846.jpg,2,
29731.jpg,0,
32751.jpg,6,
30414.jpg,0,
29637.jpg,6,
34196.jpg,4,
00695.jpg,6,
10906.jpg,6,
23930.jpg,6,
16075.jpg,5,
33498.jpg,2,
24612.jpg,0,
11161.jpg,6,
21910.jpg,6,
19775.jpg,5,
22108.jpg,5,
32233.jpg,2,
03666.jpg,6,
06928.jpg,0,
19666.jpg,5,
11766.jpg,2,
24943.jpg,3,
31034.jpg,0,
27474.jpg,4,
32679.jpg,3,
02501.jpg,2,
04972.jpg,2,
29406.jpg,2,
19655.jpg,4,
06927.jpg,1,
14026.jpg,3,
00042.jpg,3,
27832.jpg,3,
26669.jpg,3,
10769.jpg,5,
21900.jpg,3,
12221.jpg,4,
21164.jpg,0,
20235.jpg,6,
22916.jpg,6,
08777.jpg,5,
27644.jpg,3,
18555.jpg,6,
35847.jpg,3,
26674.jpg,4,
18941.jpg,6,
34279.jpg,6,
18129.jpg,2,
15626.jpg,0,
16884.jpg,3,
01672.jpg,6,
31852.jpg,6,
00864.jpg,3,
02204.jpg,3,
18529.jpg,5,
14636.jpg,2,
16925.jpg,1,
24346.jpg,0,
09453.jpg,0,
23449.jpg,2,
04344.jpg,3,
26063.jpg,4,
33360.jpg,2,
28942.jpg,5,
22040.jpg,5,
31180.jpg,3,
01518.jpg,3,
00049.jpg,2,
25936.jpg,3,
16091.jpg,5,
16955.jpg,2,
09332.jpg,0,
22134.jpg,3,
32270.jpg,6,
11006.jpg,2,
23846.jpg,6,
20655.jpg,3,
17804.jpg,3,
00330.jpg,5,
31698.jpg,3,
13391.jpg,4,
15167.jpg,5,
14377.jpg,0,
33449.jpg,0,
08451.jpg,6,
34191.jpg,4,
14862.jpg,2,
17176.jpg,4,
32845.jpg,3,
32641.jpg,4,
27362.jpg,4,
15171.jpg,6,
09668.jpg,2,
25547.jpg,6,
31171.jpg,3,
19111.jpg,2,
32005.jpg,5,
00447.jpg,3,
09665.jpg,0,
13458.jpg,4,
07328.jpg,2,
21808.jpg,5,
27764.jpg,5,
04322.jpg,2,
21374.jpg,2,
20810.jpg,3,
13624.jpg,3,
20436.jpg,3,
14402.jpg,5,
25304.jpg,3,
17178.jpg,5,
20462.jpg,2,
31760.jpg,4,
07448.jpg,6,
17578.jpg,4,
23741.jpg,4,
34692.jpg,3,
27540.jpg,3,
17156.jpg,0,
13422.jpg,4,
05868.jpg,2,
23891.jpg,2,
05204.jpg,1,
04810.jpg,5,
09758.jpg,6,
26610.jpg,3,
23814.jpg,3,
16430.jpg,2,
09253.jpg,6,
06001.jpg,4,
06995.jpg,4,
03673.jpg,6,
15507.jpg,3,
13832.jpg,0,
29554.jpg,4,
14370.jpg,2,
23555.jpg,6,
03843.jpg,3,
10285.jpg,3,
20578.jpg,4,
09891.jpg,3,
16916.jpg,2,
31845.jpg,2,
00750.jpg,4,
22014.jpg,0,
17186.jpg,0,
13594.jpg,2,
09748.jpg,4,
22218.jpg,0,
23942.jpg,5,
07258.jpg,0,
01348.jpg,6,
20318.jpg,4,
08154.jpg,4,
05896.jpg,6,
14039.jpg,3,
35251.jpg,2,
03144.jpg,4,
25197.jpg,4,
35047.jpg,4,
27185.jpg,3,
20122.jpg,2,
21349.jpg,3,
02787.jpg,5,
32331.jpg,6,
14666.jpg,3,
06124.jpg,3,
05089.jpg,4,
01068.jpg,4,
32111.jpg,4,
11184.jpg,4,
13412.jpg,6,
06796.jpg,3,
15061.jpg,3,
15983.jpg,2,
11996.jpg,3,
35486.jpg,0,
27106.jpg,3,
30087.jpg,2,
35270.jpg,2,
31011.jpg,3,
16778.jpg,4,
04180.jpg,3,
05533.jpg,2,
32003.jpg,4,
16254.jpg,0,
18734.jpg,3,
03389.jpg,4,
06976.jpg,3,
01142.jpg,3,
16564.jpg,3,
13509.jpg,2,
04651.jpg,2,
35354.jpg,2,
34260.jpg,0,
34651.jpg,3,
08267.jpg,4,
28056.jpg,6,
25847.jpg,3,
22334.jpg,0,
00836.jpg,0,
11469.jpg,2,
24379.jpg,0,
18000.jpg,0,
00228.jpg,5,
29786.jpg,0,
18656.jpg,3,
27987.jpg,4,
23626.jpg,2,
11251.jpg,1,
14696.jpg,2,
31495.jpg,0,
07470.jpg,3,
05933.jpg,5,
22412.jpg,5,
20947.jpg,3,
04879.jpg,0,
08632.jpg,5,
06372.jpg,0,
08772.jpg,2,
27183.jpg,3,
29820.jpg,4,
25042.jpg,6,
35617.jpg,5,
09371.jpg,2,
14851.jpg,6,
10134.jpg,4,
18419.jpg,0,
22930.jpg,2,
24146.jpg,4,
02234.jpg,2,
09653.jpg,3,
00854.jpg,5,
25409.jpg,3,
33912.jpg,5,
01080.jpg,2,
25853.jpg,5,
08763.jpg,3,
23502.jpg,3,
26880.jpg,1,
09283.jpg,4,
30703.jpg,4,
05452.jpg,3,
24295.jpg,4,
18969.jpg,0,
24882.jpg,4,
18156.jpg,0,
23061.jpg,4,
01343.jpg,2,
29437.jpg,2,
31897.jpg,3,
13081.jpg,5,
15628.jpg,3,
31983.jpg,2,
18115.jpg,4,
05102.jpg,4,
33326.jpg,3,
30731.jpg,3,
14673.jpg,6,
28043.jpg,5,
15177.jpg,2,
07359.jpg,0,
05547.jpg,0,
05716.jpg,6,
19899.jpg,6,
29617.jpg,5,
10416.jpg,0,
05066.jpg,2,
32143.jpg,3,
07758.jpg,3,
23809.jpg,3,
30412.jpg,4,
18192.jpg,6,
30830.jpg,2,
24562.jpg,3,
17383.jpg,4,
25067.jpg,0,
05393.jpg,0,
17448.jpg,3,
09478.jpg,6,
28840.jpg,2,
27231.jpg,3,
11405.jpg,5,
15070.jpg,0,
07070.jpg,5,
22849.jpg,5,
23514.jpg,2,
26868.jpg,3,
03056.jpg,6,
17406.jpg,6,
09359.jpg,3,
21261.jpg,4,
27446.jpg,3,
32377.jpg,5,
20108.jpg,3,
31798.jpg,2,
13676.jpg,0,
02852.jpg,3,
02344.jpg,5,
16797.jpg,6,
04059.jpg,4,
24726.jpg,6,
00037.jpg,6,
32965.jpg,4,
12230.jpg,6,
31577.jpg,6,
32317.jpg,4,
26169.jpg,0,
20689.jpg,3,
13289.jpg,5,
29194.jpg,6,
25955.jpg,5,
10255.jpg,6,
04997.jpg,3,
15095.jpg,4,
00210.jpg,5,
34679.jpg,2,
30657.jpg,4,
19147.jpg,5,
02583.jpg,4,
29072.jpg,3,
00711.jpg,2,
03103.jpg,0,
28348.jpg,2,
35445.jpg,2,
16623.jpg,4,
28085.jpg,6,
11358.jpg,4,
12894.jpg,3,
12758.jpg,4,
18898.jpg,4,
19663.jpg,0,
23735.jpg,6,
29679.jpg,3,
22461.jpg,5,
01140.jpg,4,
17208.jpg,3,
15395.jpg,3,
25301.jpg,5,
35701.jpg,0,
27027.jpg,6,
34180.jpg,6,
09431.jpg,6,
18979.jpg,4,
30697.jpg,0,
08068.jpg,2,
15940.jpg,3,
09402.jpg,3,
29162.jpg,6,
32048.jpg,3,
13426.jpg,0,
32682.jpg,1,
04531.jpg,0,
21599.jpg,2,
16255.jpg,2,
34154.jpg,4,
31309.jpg,3,
03858.jpg,4,
18493.jpg,0,
20730.jpg,6,
26976.jpg,4,
01663.jpg,3,
06213.jpg,4,
21462.jpg,5,
22324.jpg,4,
17057.jpg,5,
14157.jpg,3,
31441.jpg,3,
32974.jpg,3,
07586.jpg,3,
04511.jpg,4,
00680.jpg,6,
26224.jpg,6,
29826.jpg,4,
13609.jpg,5,
34938.jpg,6,
06057.jpg,6,
27125.jpg,4,
32732.jpg,4,
30268.jpg,3,
08083.jpg,3,
17416.jpg,4,
02802.jpg,2,
11059.jpg,3,
18136.jpg,6,
22568.jpg,4,
34332.jpg,6,
02972.jpg,3,
06744.jpg,6,
22741.jpg,4,
02864.jpg,4,
24799.jpg,6,
22856.jpg,4,
04292.jpg,5,
25175.jpg,0,
02457.jpg,3,
09549.jpg,4,
17641.jpg,6,
12890.jpg,0,
23429.jpg,2,
31765.jpg,6,
29778.jpg,2,
16699.jpg,0,
33780.jpg,6,
25102.jpg,0,
32865.jpg,3,
16049.jpg,3,
25562.jpg,5,
05997.jpg,4,
06703.jpg,0,
28037.jpg,2,
24289.jpg,0,
35016.jpg,1,
17222.jpg,3,
19783.jpg,3,
06332.jpg,1,
08716.jpg,5,
22971.jpg,0,
23124.jpg,1,
00387.jpg,4,
18224.jpg,6,
26225.jpg,3,
08429.jpg,6,
14445.jpg,2,
19091.jpg,4,
34508.jpg,0,
25837.jpg,5,
26537.jpg,6,
31433.jpg,6,
12131.jpg,4,
16422.jpg,3,
29016.jpg,5,
30545.jpg,0,
10275.jpg,6,
22489.jpg,4,
12181.jpg,6,
17760.jpg,5,
32666.jpg,4,
19188.jpg,5,
20363.jpg,4,
21616.jpg,2,
22687.jpg,3,
15302.jpg,5,
15648.jpg,6,
17643.jpg,4,
22054.jpg,2,
22823.jpg,3,
02893.jpg,4,
15680.jpg,3,
19102.jpg,0,
00319.jpg,4,
15892.jpg,3,
35099.jpg,4,
08882.jpg,2,
01369.jpg,3,
04133.jpg,6,
30313.jpg,5,
09300.jpg,2,
02632.jpg,6,
30522.jpg,3,
35200.jpg,3,
23823.jpg,6,
08955.jpg,0,
03707.jpg,6,
10355.jpg,6,
02545.jpg,4,
12321.jpg,5,
16724.jpg,1,
01749.jpg,5,
30669.jpg,3,
09707.jpg,3,
25987.jpg,3,
06938.jpg,4,
00172.jpg,4,
29758.jpg,4,
15063.jpg,6,
35096.jpg,5,
32078.jpg,4,
09866.jpg,3,
24125.jpg,5,
23361.jpg,2,
11328.jpg,6,
26867.jpg,5,
22231.jpg,5,
31637.jpg,3,
23551.jpg,3,
23920.jpg,6,
05740.jpg,0,
29716.jpg,4,
22352.jpg,3,
23191.jpg,5,
03821.jpg,0,
17828.jpg,3,
22085.jpg,5,
17702.jpg,6,
23068.jpg,6,
14319.jpg,3,
31300.jpg,2,
05746.jpg,6,
11817.jpg,2,
34370.jpg,5,
14224.jpg,3,
13028.jpg,4,
01582.jpg,3,
00414.jpg,5,
24920.jpg,0,
25978.jpg,0,
09514.jpg,2,
32980.jpg,5,
16023.jpg,4,
24314.jpg,5,
26325.jpg,1,
05653.jpg,6,
09789.jpg,2,
25235.jpg,5,
08568.jpg,6,
34630.jpg,4,
22690.jpg,4,
29561.jpg,4,
05328.jpg,2,
28720.jpg,3,
16316.jpg,4,
33354.jpg,3,
14092.jpg,5,
26472.jpg,0,
22600.jpg,4,
11445.jpg,3,
17806.jpg,3,
35630.jpg,2,
20060.jpg,3,
10602.jpg,3,
25493.jpg,5,
28603.jpg,6,
22092.jpg,6,
25260.jpg,3,
15413.jpg,3,
02071.jpg,0,
34246.jpg,3,
15189.jpg,2,
04211.jpg,4,
10274.jpg,3,
30075.jpg,2,
08855.jpg,6,
15853.jpg,3,
17544.jpg,3,
18562.jpg,0,
34441.jpg,3,
28687.jpg,0,
35679.jpg,5,
03689.jpg,6,
33290.jpg,4,
31874.jpg,0,
26686.jpg,6,
13091.jpg,5,
29610.jpg,6,
28120.jpg,4,
19579.jpg,4,
03380.jpg,6,
11728.jpg,2,
31163.jpg,0,
26346.jpg,3,
29999.jpg,4,
26778.jpg,4,
05971.jpg,4,
27592.jpg,2,
14084.jpg,0,
10652.jpg,0,
29761.jpg,6,
33410.jpg,4,
04637.jpg,5,
24114.jpg,4,
18272.jpg,0,
04403.jpg,3,
15100.jpg,3,
16773.jpg,5,
34321.jpg,0,
07184.jpg,3,
16477.jpg,6,
18304.jpg,4,
35073.jpg,4,
12852.jpg,0,
08824.jpg,1,
24480.jpg,2,
33287.jpg,6,
15664.jpg,2,
21554.jpg,5,
35158.jpg,4,
31982.jpg,6,
13399.jpg,2,
18387.jpg,2,
35407.jpg,1,
16466.jpg,4,
10104.jpg,4,
20714.jpg,2,
25330.jpg,1,
16841.jpg,4,
05980.jpg,4,
27082.jpg,5,
31022.jpg,6,
23911.jpg,0,
03961.jpg,0,
06032.jpg,2,
07105.jpg,0,
20838.jpg,5,
33479.jpg,3,
32221.jpg,6,
13510.jpg,3,
10774.jpg,3,
31184.jpg,4,
31016.jpg,2,
14292.jpg,4,
24390.jpg,4,
02624.jpg,2,
07371.jpg,0,
31090.jpg,3,
00538.jpg,3,
24448.jpg,4,
18442.jpg,0,
07449.jpg,6,
06719.jpg,6,
33646.jpg,3,
25312.jpg,3,
05411.jpg,3,
23740.jpg,5,
02752.jpg,4,
11278.jpg,6,
06772.jpg,4,
09808.jpg,6,
21860.jpg,3,
04770.jpg,6,
06053.jpg,3,
06975.jpg,6,
11846.jpg,2,
18335.jpg,3,
24701.jpg,2,
02259.jpg,6,
18223.jpg,3,
01872.jpg,6,
22547.jpg,3,
17361.jpg,4,
12642.jpg,2,
06379.jpg,3,
13134.jpg,4,
13450.jpg,3,
13007.jpg,6,
29984.jpg,2,
20304.jpg,0,
16319.jpg,2,
32692.jpg,2,
06755.jpg,5,
23390.jpg,2,
14649.jpg,2,
26644.jpg,6,
12078.jpg,4,
00613.jpg,0,
13527.jpg,3,
17808.jpg,4,
27264.jpg,4,
31013.jpg,3,
13612.jpg,6,
27754.jpg,3,
26491.jpg,0,
06752.jpg,5,
33829.jpg,6,
04946.jpg,2,
25639.jpg,2,
34016.jpg,3,
18869.jpg,6,
11643.jpg,0,
16711.jpg,4,
11451.jpg,6,
28148.jpg,0,
22418.jpg,2,
28063.jpg,0,
32153.jpg,5,
34920.jpg,4,
18014.jpg,6,
22646.jpg,4,
22714.jpg,2,
23122.jpg,4,
30531.jpg,6,
11507.jpg,5,
23552.jpg,0,
31857.jpg,3,
26936.jpg,3,
08837.jpg,3,
05240.jpg,3,
06640.jpg,2,
15226.jpg,2,
31149.jpg,3,
13197.jpg,4,
33239.jpg,0,
09309.jpg,4,
06054.jpg,2,
29710.jpg,2,
14890.jpg,3,
04325.jpg,0,
03329.jpg,4,
14191.jpg,6,
20009.jpg,6,
21948.jpg,3,
32351.jpg,3,
15344.jpg,2,
27605.jpg,2,
27041.jpg,3,
32963.jpg,0,
13064.jpg,3,
24971.jpg,0,
03044.jpg,4,
03449.jpg,0,
15531.jpg,6,
24212.jpg,3,
04130.jpg,4,
30675.jpg,4,
25315.jpg,2,
27949.jpg,4,
20834.jpg,6,
17043.jpg,2,
20284.jpg,3,
32922.jpg,4,
17077.jpg,2,
09141.jpg,2,
00527.jpg,0,
25337.jpg,0,
21814.jpg,3,
23728.jpg,2,
26743.jpg,3,
00726.jpg,6,
27536.jpg,5,
22410.jpg,3,
31980.jpg,2,
14957.jpg,6,
08984.jpg,2,
21869.jpg,5,
04234.jpg,4,
12737.jpg,6,
23664.jpg,5,
09733.jpg,0,
33573.jpg,6,
11540.jpg,3,
03509.jpg,4,
10813.jpg,0,
08404.jpg,4,
16116.jpg,3,
17803.jpg,3,
33440.jpg,5,
23346.jpg,2,
14304.jpg,4,
14250.jpg,2,
29746.jpg,3,
03341.jpg,6,
00317.jpg,5,
22057.jpg,3,
30953.jpg,0,
32463.jpg,6,
23558.jpg,3,
27933.jpg,3,
25263.jpg,2,
33233.jpg,5,
06354.jpg,4,
34318.jpg,3,
16535.jpg,0,
17618.jpg,3,
21629.jpg,3,
14842.jpg,5,
27910.jpg,0,
31814.jpg,3,
03593.jpg,6,
01213.jpg,3,
02835.jpg,2,
00741.jpg,0,
31488.jpg,6,
33732.jpg,3,
32855.jpg,6,
00451.jpg,3,
32663.jpg,0,
05065.jpg,0,
04146.jpg,6,
11769.jpg,3,
11097.jpg,0,
08573.jpg,3,
01536.jpg,5,
28324.jpg,6,
29986.jpg,4,
24968.jpg,0,
32050.jpg,6,
14219.jpg,4,
07072.jpg,4,
34898.jpg,2,
23020.jpg,2,
15793.jpg,3,
09023.jpg,5,
06983.jpg,3,
04807.jpg,0,
13544.jpg,0,
25724.jpg,6,
27121.jpg,6,
19735.jpg,1,
08281.jpg,6,
05111.jpg,6,
23324.jpg,4,
13235.jpg,4,
08746.jpg,3,
35250.jpg,5,
00219.jpg,3,
20263.jpg,5,
31888.jpg,4,
25576.jpg,6,
01568.jpg,2,
21463.jpg,2,
14730.jpg,4,
04205.jpg,3,
02922.jpg,3,
18281.jpg,6,
08376.jpg,6,
04711.jpg,3,
24885.jpg,3,
16849.jpg,6,
34001.jpg,2,
16265.jpg,1,
08431.jpg,4,
33762.jpg,3,
28875.jpg,6,
03137.jpg,3,
31084.jpg,0,
25013.jpg,3,
06448.jpg,5,
11760.jpg,0,
26804.jpg,3,
06857.jpg,4,
00325.jpg,3,
08830.jpg,6,
19807.jpg,6,
02049.jpg,4,
09830.jpg,6,
01460.jpg,3,
03051.jpg,6,
19019.jpg,2,
07108.jpg,6,
27265.jpg,5,
01721.jpg,2,
29714.jpg,2,
15862.jpg,4,
10475.jpg,6,
19731.jpg,2,
05348.jpg,3,
07598.jpg,1,
12418.jpg,1,
00683.jpg,3,
06330.jpg,3,
24894.jpg,5,
22232.jpg,4,
28999.jpg,2,
13137.jpg,6,
16371.jpg,3,
29293.jpg,3,
05924.jpg,3,
25171.jpg,4,
26495.jpg,4,
21688.jpg,6,
14467.jpg,5,
17141.jpg,0,
35605.jpg,3,
31616.jpg,4,
16503.jpg,0,
31083.jpg,2,
25052.jpg,3,
12698.jpg,3,
17427.jpg,4,
17934.jpg,6,
23261.jpg,2,
01066.jpg,3,
09983.jpg,6,
16473.jpg,6,
27777.jpg,4,
29292.jpg,2,
05117.jpg,6,
15693.jpg,0,
11300.jpg,3,
15291.jpg,2,
29490.jpg,4,
23505.jpg,4,
33757.jpg,2,
34024.jpg,4,
14195.jpg,4,
24286.jpg,6,
28963.jpg,3,
32316.jpg,5,
01956.jpg,3,
32718.jpg,1,
21557.jpg,2,
01375.jpg,0,
33160.jpg,6,
01875.jpg,6,
15272.jpg,3,
01665.jpg,3,
33848.jpg,1,
32812.jpg,4,
15748.jpg,5,
33536.jpg,2,
10424.jpg,4,
29881.jpg,2,
30722.jpg,2,
00862.jpg,0,
09099.jpg,2,
00326.jpg,3,
03728.jpg,3,
24382.jpg,3,
29632.jpg,3,
31497.jpg,5,
20308.jpg,3,
34272.jpg,6,
35408.jpg,0,
33428.jpg,5,
24587.jpg,2,
09546.jpg,3,
10268.jpg,2,
25884.jpg,0,
18200.jpg,3,
09448.jpg,3,
19781.jpg,3,
16231.jpg,3,
09212.jpg,2,
04702.jpg,0,
23632.jpg,2,
00384.jpg,4,
34732.jpg,0,
18398.jpg,6,
23711.jpg,4,
35500.jpg,3,
00570.jpg,3,
14577.jpg,4,
03941.jpg,3,
06528.jpg,6,
11880.jpg,6,
19679.jpg,4,
03487.jpg,2,
35177.jpg,6,
22169.jpg,3,
33442.jpg,3,
35326.jpg,2,
17973.jpg,3,
14452.jpg,3,
30537.jpg,3,
22732.jpg,2,
03985.jpg,2,
20623.jpg,2,
09966.jpg,2,
12591.jpg,3,
04134.jpg,3,
21799.jpg,5,
34849.jpg,4,
18188.jpg,3,
35589.jpg,6,
27904.jpg,3,
30137.jpg,5,
26423.jpg,5,
01913.jpg,6,
15030.jpg,3,
20472.jpg,2,
18195.jpg,3,
21957.jpg,6,
31775.jpg,6,
32594.jpg,0,
07216.jpg,3,
21672.jpg,3,
00693.jpg,5,
27855.jpg,3,
20969.jpg,6,
22996.jpg,6,
04269.jpg,6,
07123.jpg,4,
26395.jpg,2,
23548.jpg,6,
13632.jpg,4,
24124.jpg,3,
13062.jpg,5,
28262.jpg,6,
20569.jpg,3,
16846.jpg,6,
34720.jpg,0,
14664.jpg,5,
09875.jpg,6,
07299.jpg,3,
19640.jpg,0,
01890.jpg,2,
32352.jpg,2,
25812.jpg,0,
34236.jpg,2,
29702.jpg,2,
35519.jpg,6,
07281.jpg,3,
05319.jpg,3,
06858.jpg,6,
26942.jpg,1,
34638.jpg,3,
15378.jpg,6,
12186.jpg,4,
34547.jpg,5,
17470.jpg,3,
22058.jpg,4,
34009.jpg,6,
31303.jpg,4,
09030.jpg,6,
22756.jpg,4,
19360.jpg,2,
12545.jpg,2,
27576.jpg,3,
22925.jpg,6,
17028.jpg,5,
35098.jpg,2,
19995.jpg,6,
25886.jpg,2,
15301.jpg,3,
02016.jpg,5,
31696.jpg,6,
24351.jpg,0,
05588.jpg,0,
26189.jpg,6,
28386.jpg,5,
03212.jpg,4,
09471.jpg,2,
24200.jpg,3,
30188.jpg,3,
23739.jpg,6,
24213.jpg,5,
07569.jpg,3,
21493.jpg,4,
29594.jpg,5,
23310.jpg,0,
11861.jpg,6,
09426.jpg,3,
31368.jpg,4,
26192.jpg,3,
26944.jpg,3,
15297.jpg,5,
26609.jpg,3,
10204.jpg,3,
07604.jpg,3,
11864.jpg,0,
33688.jpg,6,
35658.jpg,6,
06375.jpg,4,
17079.jpg,3,
26662.jpg,5,
16809.jpg,3,
04237.jpg,4,
29785.jpg,2,
33272.jpg,3,
05973.jpg,3,
15435.jpg,3,
04082.jpg,6,
18885.jpg,2,
15609.jpg,6,
06287.jpg,0,
17289.jpg,6,
07865.jpg,4,
02700.jpg,6,
03930.jpg,6,
02123.jpg,3,
25969.jpg,5,
06715.jpg,5,
14960.jpg,6,
02694.jpg,2,
16069.jpg,6,
16100.jpg,2,
17956.jpg,0,
14244.jpg,0,
05883.jpg,4,
24964.jpg,2,
13788.jpg,0,
17609.jpg,3,
25264.jpg,2,
00370.jpg,0,
18872.jpg,3,
25946.jpg,2,
22545.jpg,4,
09125.jpg,2,
06038.jpg,2,
28955.jpg,3,
08628.jpg,0,
05127.jpg,2,
18432.jpg,6,
04451.jpg,4,
09330.jpg,2,
02018.jpg,4,
13210.jpg,6,
30542.jpg,4,
22576.jpg,5,
31403.jpg,3,
18518.jpg,2,
00581.jpg,4,
31330.jpg,3,
24723.jpg,6,
21803.jpg,6,
19454.jpg,5,
10706.jpg,1,
03680.jpg,3,
25225.jpg,6,
11466.jpg,2,
35181.jpg,3,
04099.jpg,2,
35703.jpg,2,
20601.jpg,2,
05025.jpg,0,
09646.jpg,0,
14715.jpg,3,
10925.jpg,4,
33821.jpg,4,
25710.jpg,5,
11775.jpg,2,
31633.jpg,5,
21395.jpg,3,
08617.jpg,4,
22936.jpg,3,
11695.jpg,0,
30694.jpg,3,
05643.jpg,4,
32280.jpg,2,
07708.jpg,3,
08051.jpg,3,
34575.jpg,3,
25283.jpg,4,
31377.jpg,3,
23145.jpg,6,
02777.jpg,4,
00187.jpg,0,
06915.jpg,3,
17843.jpg,2,
14627.jpg,2,
18054.jpg,5,
13379.jpg,4,
05910.jpg,3,
08652.jpg,3,
02303.jpg,0,
26321.jpg,4,
07095.jpg,6,
06033.jpg,5,
26607.jpg,0,
08016.jpg,2,
34296.jpg,3,
32131.jpg,2,
08160.jpg,5,
01425.jpg,6,
20614.jpg,3,
04204.jpg,5,
05534.jpg,2,
07661.jpg,6,
26469.jpg,3,
11391.jpg,6,
20910.jpg,3,
19539.jpg,2,
13211.jpg,0,
31068.jpg,4,
14497.jpg,6,
24638.jpg,5,
03887.jpg,6,
25125.jpg,3,
21262.jpg,4,
19191.jpg,5,
29069.jpg,2,
09788.jpg,5,
33569.jpg,3,
14052.jpg,2,
21428.jpg,4,
06873.jpg,3,
29436.jpg,0,
09209.jpg,0,
00263.jpg,6,
17430.jpg,5,
13075.jpg,3,
16214.jpg,2,
02056.jpg,0,
08679.jpg,0,
03249.jpg,0,
09922.jpg,3,
17120.jpg,6,
28177.jpg,3,
07851.jpg,3,
18495.jpg,3,
30570.jpg,3,
15172.jpg,4,
08153.jpg,5,
00982.jpg,3,
01655.jpg,2,
35593.jpg,2,
07230.jpg,6,
09535.jpg,3,
19761.jpg,4,
21847.jpg,3,
35851.jpg,3,
10045.jpg,2,
14145.jpg,5,
21049.jpg,3,
34682.jpg,3,
10943.jpg,0,
35353.jpg,4,
03661.jpg,4,
01401.jpg,5,
35415.jpg,6,
28601.jpg,3,
15570.jpg,0,
33109.jpg,0,
29092.jpg,3,
06907.jpg,3,
10661.jpg,3,
07288.jpg,4,
31969.jpg,5,
30062.jpg,3,
13158.jpg,6,
24589.jpg,4,
19873.jpg,2,
35360.jpg,2,
02215.jpg,6,
26372.jpg,3,
00051.jpg,2,
13429.jpg,3,
13018.jpg,6,
08483.jpg,0,
32362.jpg,3,
01707.jpg,4,
24417.jpg,3,
13855.jpg,4,
15396.jpg,0,
15924.jpg,2,
16223.jpg,0,
13585.jpg,3,
14381.jpg,5,
32113.jpg,0,
29458.jpg,5,
30135.jpg,4,
07397.jpg,4,
08074.jpg,6,
25856.jpg,2,
25109.jpg,2,
27424.jpg,2,
01556.jpg,0,
19046.jpg,3,
19767.jpg,0,
14394.jpg,6,
31435.jpg,4,
14218.jpg,0,
14443.jpg,3,
25452.jpg,6,
20486.jpg,1,
03812.jpg,3,
17840.jpg,4,
27325.jpg,4,
22612.jpg,2,
04172.jpg,3,
28516.jpg,2,
26419.jpg,2,
32457.jpg,6,
29480.jpg,3,
18951.jpg,3,
28824.jpg,3,
09157.jpg,0,
33534.jpg,3,
26956.jpg,3,
04086.jpg,0,
12333.jpg,3,
15463.jpg,4,
11350.jpg,3,
26454.jpg,6,
09746.jpg,4,
19742.jpg,6,
24698.jpg,2,
23317.jpg,3,
17879.jpg,3,
12567.jpg,3,
01112.jpg,3,
23185.jpg,2,
04737.jpg,4,
25159.jpg,2,
11236.jpg,0,
20201.jpg,0,
30090.jpg,3,
16874.jpg,6,
10820.jpg,0,
28317.jpg,2,
34984.jpg,4,
29296.jpg,4,
20733.jpg,6,
00819.jpg,4,
22474.jpg,5,
07995.jpg,4,
16643.jpg,6,
31732.jpg,5,
23379.jpg,5,
05799.jpg,4,
06516.jpg,2,
02039.jpg,0,
09815.jpg,4,
17695.jpg,3,
05040.jpg,0,
24780.jpg,6,
17568.jpg,2,
11005.jpg,0,
07768.jpg,2,
30819.jpg,4,
35655.jpg,2,
28725.jpg,2,
23222.jpg,6,
27335.jpg,3,
20916.jpg,0,
16930.jpg,0,
35786.jpg,5,
21220.jpg,6,
00483.jpg,6,
13764.jpg,3,
12987.jpg,2,
12065.jpg,6,
22343.jpg,6,
30613.jpg,5,
09581.jpg,6,
32336.jpg,0,
05988.jpg,2,
34065.jpg,0,
31984.jpg,5,
16960.jpg,5,
12598.jpg,4,
04229.jpg,6,
34202.jpg,2,
15430.jpg,4,
08936.jpg,3,
09268.jpg,4,
20796.jpg,0,
22031.jpg,0,
12583.jpg,4,
08102.jpg,3,
35258.jpg,2,
15057.jpg,5,
06027.jpg,2,
30051.jpg,4,
07383.jpg,5,
22007.jpg,6,
13346.jpg,0,
31600.jpg,0,
03748.jpg,4,
31931.jpg,6,
31956.jpg,6,
00531.jpg,4,
35317.jpg,5,
28223.jpg,3,
29012.jpg,2,
27128.jpg,6,
19590.jpg,3,
34010.jpg,5,
33745.jpg,4,
11685.jpg,5,
21953.jpg,4,
15471.jpg,6,
18619.jpg,5,
10889.jpg,4,
11587.jpg,6,
29150.jpg,0,
32511.jpg,5,
04144.jpg,4,
08979.jpg,2,
17111.jpg,6,
02683.jpg,4,
16464.jpg,6,
01487.jpg,4,
14363.jpg,6,
34620.jpg,6,
13698.jpg,4,
00490.jpg,0,
23947.jpg,3,
26245.jpg,3,
15939.jpg,3,
28627.jpg,6,
07267.jpg,3,
29577.jpg,4,
29355.jpg,5,
24724.jpg,3,
23453.jpg,4,
33110.jpg,4,
12048.jpg,3,
26592.jpg,3,
03068.jpg,3,
19064.jpg,3,
02819.jpg,0,
33811.jpg,5,
16745.jpg,4,
32350.jpg,2,
34804.jpg,6,
07799.jpg,0,
27853.jpg,5,
19121.jpg,5,
16678.jpg,6,
33814.jpg,6,
22546.jpg,3,
00165.jpg,6,
27501.jpg,3,
18516.jpg,5,
20421.jpg,2,
00628.jpg,6,
21072.jpg,5,
32649.jpg,3,
16655.jpg,2,
29075.jpg,3,
30352.jpg,3,
00801.jpg,4,
17505.jpg,2,
03365.jpg,3,
31154.jpg,0,
21663.jpg,5,
21401.jpg,2,
10660.jpg,4,
04422.jpg,4,
09987.jpg,4,
14352.jpg,6,
34367.jpg,4,
25402.jpg,6,
10114.jpg,6,
17961.jpg,6,
18286.jpg,5,
09714.jpg,4,
05141.jpg,0,
32497.jpg,2,
35422.jpg,4,
13066.jpg,4,
35225.jpg,6,
15075.jpg,0,
19175.jpg,3,
25817.jpg,5,
23152.jpg,5,
26467.jpg,6,
27289.jpg,0,
00858.jpg,5,
00524.jpg,5,
01061.jpg,6,
30784.jpg,0,
27838.jpg,6,
15881.jpg,2,
27689.jpg,2,
34327.jpg,3,
03339.jpg,3,
22011.jpg,5,
33087.jpg,4,
01447.jpg,4,
05619.jpg,3,
33112.jpg,2,
35613.jpg,4,
31274.jpg,2,
35052.jpg,0,
10257.jpg,5,
35842.jpg,1,
24955.jpg,0,
04788.jpg,6,
01938.jpg,4,
03526.jpg,5,
30916.jpg,3,
22451.jpg,4,
12231.jpg,0,
23129.jpg,5,
16305.jpg,4,
04762.jpg,4,
05373.jpg,2,
00235.jpg,3,
18783.jpg,3,
10759.jpg,2,
18174.jpg,3,
19771.jpg,1,
11724.jpg,6,
31467.jpg,6,
03489.jpg,3,
12188.jpg,4,
28669.jpg,0,
11889.jpg,2,
31200.jpg,5,
32820.jpg,2,
12052.jpg,3,
35454.jpg,2,
20517.jpg,6,
32668.jpg,4,
17991.jpg,3,
20688.jpg,4,
19898.jpg,2,
27907.jpg,5,
05213.jpg,2,
11306.jpg,2,
13082.jpg,6,
32557.jpg,3,
10839.jpg,3,
00558.jpg,6,
15355.jpg,5,
34695.jpg,4,
08334.jpg,4,
07590.jpg,0,
23166.jpg,4,
25174.jpg,6,
11316.jpg,0,
24582.jpg,6,
08354.jpg,1,
21096.jpg,0,
27450.jpg,4,
31896.jpg,5,
32162.jpg,0,
33300.jpg,2,
16516.jpg,4,
09492.jpg,4,
32776.jpg,0,
31280.jpg,0,
12352.jpg,3,
03880.jpg,5,
19079.jpg,0,
11869.jpg,3,
06842.jpg,3,
10119.jpg,6,
05140.jpg,6,
29076.jpg,3,
03742.jpg,4,
33084.jpg,2,
00226.jpg,0,
27093.jpg,3,
02440.jpg,3,
17270.jpg,2,
16472.jpg,6,
11256.jpg,2,
25986.jpg,4,
32923.jpg,5,
10704.jpg,3,
32970.jpg,4,
04257.jpg,4,
12879.jpg,4,
31517.jpg,4,
11383.jpg,3,
19127.jpg,3,
11223.jpg,1,
24242.jpg,3,
04048.jpg,3,
07443.jpg,3,
19971.jpg,2,
20450.jpg,5,
16848.jpg,1,
17900.jpg,6,
28537.jpg,3,
02519.jpg,3,
01300.jpg,0,
33083.jpg,2,
22575.jpg,3,
22738.jpg,3,
33205.jpg,2,
27593.jpg,5,
10647.jpg,1,
34648.jpg,5,
32094.jpg,2,
21458.jpg,0,
01627.jpg,4,
25560.jpg,6,
17617.jpg,6,
14759.jpg,0,
18841.jpg,2,
31737.jpg,2,
21690.jpg,3,
03228.jpg,0,
13277.jpg,4,
31523.jpg,4,
25646.jpg,3,
21563.jpg,3,
01299.jpg,4,
26051.jpg,3,
21952.jpg,2,
20041.jpg,3,
34942.jpg,3,
05485.jpg,3,
08062.jpg,4,
30742.jpg,3,
33257.jpg,0,
01848.jpg,0,
26184.jpg,4,
28697.jpg,4,
05046.jpg,0,
27242.jpg,3,
30934.jpg,0,
08800.jpg,6,
02996.jpg,6,
01964.jpg,3,
08914.jpg,3,
07739.jpg,6,
34925.jpg,6,
07672.jpg,4,
02979.jpg,6,
34209.jpg,0,
02929.jpg,2,
18109.jpg,2,
19093.jpg,2,
34671.jpg,6,
12766.jpg,6,
11194.jpg,3,
01631.jpg,3,
24622.jpg,2,
18780.jpg,0,
15786.jpg,6,
13300.jpg,4,
31043.jpg,0,
15441.jpg,2,
20179.jpg,3,
32829.jpg,6,
01971.jpg,3,
05022.jpg,6,
06764.jpg,3,
24667.jpg,6,
27908.jpg,5,
22939.jpg,6,
33137.jpg,2,
17658.jpg,3,
05568.jpg,2,
22003.jpg,3,
21963.jpg,6,
04524.jpg,2,
34134.jpg,0,
20822.jpg,3,
02070.jpg,3,
04822.jpg,2,
12445.jpg,4,
21271.jpg,3,
02436.jpg,3,
23534.jpg,3,
24151.jpg,3,
21086.jpg,3,
09534.jpg,2,
05412.jpg,6,
05217.jpg,4,
35581.jpg,1,
09272.jpg,5,
17839.jpg,6,
34048.jpg,6,
13145.jpg,3,
32622.jpg,2,
05767.jpg,3,
11556.jpg,3,
22907.jpg,3,
09857.jpg,3,
19001.jpg,2,
27656.jpg,2,
06035.jpg,6,
21528.jpg,3,
24371.jpg,3,
14274.jpg,4,
07782.jpg,4,
09504.jpg,5,
01435.jpg,6,
30535.jpg,6,
03226.jpg,4,
10970.jpg,6,
25423.jpg,6,
25433.jpg,5,
05175.jpg,6,
15840.jpg,0,
13034.jpg,5,
13100.jpg,6,
20356.jpg,3,
06917.jpg,3,
10978.jpg,5,
10663.jpg,2,
34031.jpg,5,
09539.jpg,3,
03923.jpg,4,
15036.jpg,3,
29521.jpg,0,
17213.jpg,6,
34863.jpg,3,
16001.jpg,1,
01949.jpg,6,
06000.jpg,2,
03582.jpg,6,
16839.jpg,4,
15114.jpg,6,
15490.jpg,2,
32767.jpg,2,
11025.jpg,0,
12850.jpg,4,
07876.jpg,2,
11370.jpg,4,
17171.jpg,0,
14992.jpg,3,
02360.jpg,6,
25144.jpg,5,
09316.jpg,3,
12513.jpg,4,
08460.jpg,5,
14421.jpg,6,
33626.jpg,4,
18995.jpg,0,
35886.jpg,3,
07547.jpg,4,
32910.jpg,6,
04950.jpg,4,
24273.jpg,2,
06279.jpg,0,
32887.jpg,3,
21856.jpg,0,
20856.jpg,5,
33820.jpg,6,
00230.jpg,0,
29024.jpg,1,
22989.jpg,2,
19813.jpg,3,
13339.jpg,3,
14390.jpg,5,
12776.jpg,4,
27971.jpg,5,
10463.jpg,0,
02470.jpg,6,
29715.jpg,6,
29540.jpg,0,
31404.jpg,2,
00177.jpg,5,
28737.jpg,4,
03095.jpg,4,
05617.jpg,5,
05309.jpg,4,
35634.jpg,2,
03777.jpg,4,
14968.jpg,3,
23661.jpg,1,
23725.jpg,5,
30124.jpg,4,
20435.jpg,6,
20660.jpg,6,
31871.jpg,3,
02175.jpg,4,
18746.jpg,2,
33318.jpg,6,
19891.jpg,6,
06612.jpg,3,
32868.jpg,5,
22664.jpg,3,
23658.jpg,4,
19413.jpg,6,
07833.jpg,4,
13473.jpg,4,
28191.jpg,4,
25399.jpg,3,
17569.jpg,2,
18888.jpg,0,
25016.jpg,4,
10026.jpg,2,
19451.jpg,6,
11771.jpg,2,
22721.jpg,6,
05054.jpg,6,
31932.jpg,0,
05766.jpg,4,
15017.jpg,2,
12154.jpg,3,
04880.jpg,3,
03612.jpg,4,
33716.jpg,2,
27011.jpg,0,
14860.jpg,6,
22922.jpg,5,
34697.jpg,3,
28029.jpg,6,
07100.jpg,6,
17328.jpg,5,
22884.jpg,6,
21606.jpg,3,
25442.jpg,5,
25076.jpg,2,
19765.jpg,4,
00006.jpg,2,
09249.jpg,3,
18489.jpg,4,
02643.jpg,3,
26555.jpg,3,
28087.jpg,4,
11709.jpg,0,
10291.jpg,3,
30620.jpg,0,
26303.jpg,0,
05367.jpg,0,
31416.jpg,6,
02861.jpg,2,
35156.jpg,4,
34839.jpg,4,
09593.jpg,3,
10981.jpg,4,
15528.jpg,5,
01748.jpg,4,
32319.jpg,3,
12977.jpg,6,
32602.jpg,0,
27405.jpg,3,
20779.jpg,3,
28989.jpg,6,
18895.jpg,0,
02625.jpg,2,
11369.jpg,6,
31710.jpg,3,
10608.jpg,4,
25400.jpg,0,
02653.jpg,3,
04226.jpg,2,
33596.jpg,4,
27824.jpg,3,
28463.jpg,0,
19534.jpg,6,
35344.jpg,3,
32683.jpg,2,
07326.jpg,0,
02001.jpg,6,
13345.jpg,4,
06422.jpg,2,
23471.jpg,6,
24778.jpg,3,
22627.jpg,2,
01404.jpg,5,
26089.jpg,0,
26314.jpg,4,
05232.jpg,6,
03168.jpg,4,
23127.jpg,2,
28900.jpg,4,
30171.jpg,4,
00077.jpg,0,
26815.jpg,6,
00583.jpg,3,
13954.jpg,4,
04156.jpg,3,
08939.jpg,0,
26839.jpg,5,
01031.jpg,4,
18204.jpg,2,
32690.jpg,2,
25725.jpg,5,
15784.jpg,6,
12357.jpg,3,
08756.jpg,6,
22825.jpg,3,
30927.jpg,6,
21080.jpg,6,
25043.jpg,3,
03457.jpg,2,
07038.jpg,4,
05818.jpg,6,
16081.jpg,2,
24826.jpg,0,
17172.jpg,3,
14704.jpg,6,
27420.jpg,0,
05958.jpg,2,
30379.jpg,4,
09035.jpg,2,
15694.jpg,3,
04571.jpg,5,
08540.jpg,3,
14151.jpg,6,
06662.jpg,6,
25194.jpg,6,
33122.jpg,6,
27147.jpg,3,
06546.jpg,6,
03824.jpg,4,
00603.jpg,6,
02013.jpg,3,
03711.jpg,3,
03997.jpg,6,
25563.jpg,3,
22216.jpg,2,
10372.jpg,0,
21992.jpg,5,
31015.jpg,2,
15002.jpg,2,
07067.jpg,0,
23393.jpg,0,
13610.jpg,3,
34691.jpg,3,
30430.jpg,6,
30564.jpg,0,
22650.jpg,3,
21676.jpg,6,
03511.jpg,6,
25060.jpg,4,
30519.jpg,5,
31763.jpg,4,
05124.jpg,4,
08070.jpg,0,
35837.jpg,3,
06323.jpg,5,
34391.jpg,4,
10806.jpg,0,
07854.jpg,5,
25313.jpg,4,
02402.jpg,6,
24577.jpg,1,
26311.jpg,3,
14655.jpg,4,
08512.jpg,3,
24788.jpg,2,
06803.jpg,2,
32725.jpg,6,
05805.jpg,3,
30363.jpg,6,
10884.jpg,5,
28187.jpg,6,
03197.jpg,4,
29736.jpg,2,
31069.jpg,4,
03614.jpg,2,
03974.jpg,0,
27462.jpg,4,
15598.jpg,4,
15551.jpg,3,
12112.jpg,3,
19665.jpg,0,
32587.jpg,5,
32724.jpg,3,
06194.jpg,6,
12162.jpg,6,
22751.jpg,3,
17371.jpg,6,
03725.jpg,4,
31406.jpg,5,
13657.jpg,4,
15995.jpg,0,
23313.jpg,2,
34429.jpg,6,
32160.jpg,5,
28195.jpg,3,
12262.jpg,4,
10581.jpg,5,
09577.jpg,4,
16480.jpg,4,
06396.jpg,6,
31028.jpg,3,
14601.jpg,4,
29613.jpg,3,
12086.jpg,3,
12834.jpg,3,
03469.jpg,3,
30436.jpg,4,
12662.jpg,4,
19349.jpg,0,
11719.jpg,2,
33556.jpg,4,
09474.jpg,6,
32074.jpg,6,
18498.jpg,6,
28119.jpg,4,
26532.jpg,5,
26767.jpg,3,
25956.jpg,1,
29817.jpg,4,
33830.jpg,0,
22485.jpg,3,
00983.jpg,2,
02174.jpg,5,
11177.jpg,6,
33514.jpg,3,
07322.jpg,4,
21127.jpg,6,
04218.jpg,2,
07205.jpg,5,
15580.jpg,3,
30876.jpg,3,
11104.jpg,4,
15938.jpg,5,
10770.jpg,4,
22487.jpg,4,
17124.jpg,2,
18829.jpg,0,
18800.jpg,0,
05425.jpg,4,
19112.jpg,6,
20694.jpg,6,
24580.jpg,2,
01408.jpg,6,
02326.jpg,0,
25941.jpg,2,
23963.jpg,5,
32803.jpg,3,
24434.jpg,5,
04994.jpg,3,
29478.jpg,0,
31864.jpg,3,
35294.jpg,3,
08820.jpg,2,
25649.jpg,6,
17072.jpg,3,
18676.jpg,4,
15641.jpg,4,
31132.jpg,3,
30908.jpg,1,
03809.jpg,0,
21534.jpg,6,
07871.jpg,4,
15556.jpg,3,
21308.jpg,6,
02078.jpg,4,
21740.jpg,4,
14187.jpg,5,
14043.jpg,2,
32229.jpg,6,
19882.jpg,3,
00652.jpg,6,
31536.jpg,2,
29243.jpg,5,
00290.jpg,4,
21981.jpg,4,
25549.jpg,4,
08466.jpg,0,
07364.jpg,0,
16274.jpg,2,
20345.jpg,6,
21125.jpg,4,
15325.jpg,6,
17972.jpg,2,
17163.jpg,6,
35356.jpg,5,
06255.jpg,2,
26360.jpg,3,
06517.jpg,0,
28541.jpg,6,
06463.jpg,2,
20506.jpg,0,
13316.jpg,6,
03687.jpg,3,
21350.jpg,2,
30207.jpg,2,
29794.jpg,2,
04943.jpg,3,
10756.jpg,5,
16250.jpg,4,
12327.jpg,6,
27480.jpg,6,
31471.jpg,4,
16951.jpg,4,
06539.jpg,5,
13491.jpg,4,
35081.jpg,2,
34166.jpg,4,
09450.jpg,5,
01673.jpg,0,
29485.jpg,6,
13662.jpg,3,
22240.jpg,6,
14608.jpg,6,
14433.jpg,2,
21231.jpg,2,
06984.jpg,6,
30038.jpg,5,
35237.jpg,0,
33587.jpg,6,
21425.jpg,6,
09338.jpg,5,
28920.jpg,6,
28303.jpg,4,
32465.jpg,0,
32569.jpg,3,
17012.jpg,4,
14823.jpg,3,
29621.jpg,4,
25246.jpg,2,
24800.jpg,2,
30568.jpg,5,
10247.jpg,5,
29198.jpg,3,
12105.jpg,3,
22970.jpg,3,
35028.jpg,3,
16706.jpg,4,
31968.jpg,4,
08224.jpg,4,
30557.jpg,2,
00163.jpg,3,
02073.jpg,5,
26745.jpg,2,
21569.jpg,6,
28423.jpg,5,
10219.jpg,3,
21431.jpg,2,
18235.jpg,6,
32673.jpg,6,
15673.jpg,6,
33270.jpg,2,
29842.jpg,6,
02687.jpg,6,
01847.jpg,4,
05864.jpg,0,
20593.jpg,4,
21345.jpg,3,
20959.jpg,3,
13730.jpg,2,
27947.jpg,5,
10190.jpg,2,
16095.jpg,6,
11962.jpg,3,
00743.jpg,5,
29417.jpg,0,
09723.jpg,6,
04352.jpg,2,
12533.jpg,0,
21613.jpg,3,
34871.jpg,6,
06063.jpg,2,
28026.jpg,6,
25189.jpg,5,
05817.jpg,3,
08944.jpg,3,
20737.jpg,0,
21185.jpg,6,
15354.jpg,2,
09319.jpg,3,
04991.jpg,2,
14349.jpg,3,
18480.jpg,6,
21843.jpg,4,
08951.jpg,5,
01124.jpg,0,
20595.jpg,5,
23280.jpg,3,
25424.jpg,4,
06278.jpg,6,
27597.jpg,4,
18511.jpg,2,
16889.jpg,5,
21977.jpg,0,
24718.jpg,0,
24478.jpg,3,
06786.jpg,6,
00508.jpg,2,
10483.jpg,4,
33683.jpg,0,
35551.jpg,4,
04954.jpg,6,
32867.jpg,5,
09347.jpg,2,
08579.jpg,2,
01912.jpg,5,
24180.jpg,5,
17175.jpg,5,
05615.jpg,3,
17410.jpg,6,
31937.jpg,0,
25123.jpg,4,
17266.jpg,2,
26421.jpg,2,
10919.jpg,0,
19863.jpg,3,
32637.jpg,6,
21292.jpg,3,
33819.jpg,3,
18962.jpg,3,
25611.jpg,5,
35123.jpg,4,
30254.jpg,2,
14471.jpg,3,
13148.jpg,4,
18049.jpg,0,
32150.jpg,6,
31220.jpg,5,
05366.jpg,5,
31503.jpg,6,
27154.jpg,6,
31910.jpg,6,
34943.jpg,4,
24144.jpg,5,
20195.jpg,2,
24533.jpg,4,
18534.jpg,2,
03140.jpg,4,
01816.jpg,3,
15796.jpg,4,
25203.jpg,2,
02810.jpg,5,
05390.jpg,2,
27266.jpg,3,
16124.jpg,6,
11204.jpg,6,
27648.jpg,3,
22727.jpg,3,
28075.jpg,4,
13689.jpg,4,
32905.jpg,3,
31952.jpg,3,
28650.jpg,3,
26949.jpg,0,
30044.jpg,2,
31100.jpg,4,
20763.jpg,4,
22638.jpg,2,
06588.jpg,6,
14294.jpg,5,
18277.jpg,6,
12476.jpg,0,
14895.jpg,5,
02327.jpg,3,
10622.jpg,3,
20016.jpg,5,
19124.jpg,2,
02660.jpg,0,
19859.jpg,4,
18412.jpg,6,
33450.jpg,2,
07762.jpg,5,
24290.jpg,3,
19644.jpg,6,
14425.jpg,2,
16299.jpg,2,
33709.jpg,6,
08883.jpg,6,
05713.jpg,5,
00763.jpg,6,
06581.jpg,0,
19066.jpg,0,
32013.jpg,3,
24317.jpg,6,
01839.jpg,2,
20767.jpg,3,
34964.jpg,4,
24848.jpg,0,
19249.jpg,4,
14772.jpg,3,
04271.jpg,6,
04395.jpg,6,
16272.jpg,0,
29309.jpg,0,
18581.jpg,3,
04250.jpg,0,
16128.jpg,0,
08481.jpg,3,
27566.jpg,2,
25567.jpg,0,
21320.jpg,6,
10516.jpg,4,
32271.jpg,6,
20564.jpg,4,
00733.jpg,6,
26256.jpg,0,
05725.jpg,6,
33668.jpg,5,
18985.jpg,2,
31757.jpg,3,
05494.jpg,3,
28552.jpg,6,
08494.jpg,3,
22209.jpg,3,
31478.jpg,2,
34091.jpg,4,
17472.jpg,2,
32103.jpg,2,
23348.jpg,3,
20120.jpg,6,
01867.jpg,3,
25713.jpg,0,
20496.jpg,2,
02213.jpg,6,
01906.jpg,3,
22300.jpg,3,
14614.jpg,4,
28113.jpg,2,
05104.jpg,3,
33460.jpg,0,
23768.jpg,2,
33594.jpg,3,
31902.jpg,4,
35223.jpg,3,
21438.jpg,6,
20456.jpg,4,
00829.jpg,4,
28621.jpg,0,
26838.jpg,4,
20161.jpg,6,
16357.jpg,4,
16097.jpg,0,
15342.jpg,6,
32228.jpg,3,
19519.jpg,4,
26540.jpg,6,
21400.jpg,4,
13895.jpg,2,
08189.jpg,3,
12981.jpg,2,
06264.jpg,2,
32546.jpg,4,
07918.jpg,4,
32425.jpg,4,
34133.jpg,6,
18490.jpg,6,
34411.jpg,3,
22377.jpg,6,
34405.jpg,3,
05893.jpg,4,
21198.jpg,6,
26099.jpg,3,
06376.jpg,0,
29845.jpg,3,
12529.jpg,3,
05015.jpg,0,
35007.jpg,2,
35644.jpg,2,
07641.jpg,5,
02981.jpg,4,
01650.jpg,6,
22508.jpg,6,
13827.jpg,2,
23682.jpg,3,
07507.jpg,3,
12422.jpg,0,
35065.jpg,4,
07461.jpg,4,
35780.jpg,6,
16579.jpg,6,
15870.jpg,4,
09948.jpg,5,
25861.jpg,4,
11021.jpg,6,
23193.jpg,2,
32462.jpg,2,
14907.jpg,4,
05041.jpg,5,
02984.jpg,4,
31827.jpg,5,
16482.jpg,0,
15040.jpg,3,
10179.jpg,0,
12201.jpg,2,
13223.jpg,3,
27088.jpg,2,
02202.jpg,0,
06649.jpg,6,
10464.jpg,2,
12500.jpg,1,
09607.jpg,2,
20241.jpg,3,
04603.jpg,2,
24220.jpg,3,
23461.jpg,2,
04707.jpg,1,
06485.jpg,0,
22252.jpg,4,
31521.jpg,2,
08004.jpg,6,
32835.jpg,3,
05900.jpg,4,
21849.jpg,3,
13143.jpg,4,
02310.jpg,2,
06965.jpg,4,
20076.jpg,0,
15944.jpg,6,
27115.jpg,0,
32726.jpg,3,
20032.jpg,0,
19396.jpg,0,
10374.jpg,0,
34026.jpg,5,
30114.jpg,1,
33419.jpg,6,
23689.jpg,3,
05708.jpg,3,
04428.jpg,2,
22681.jpg,5,
22620.jpg,4,
18866.jpg,2,
24229.jpg,3,
31718.jpg,2,
15477.jpg,3,
25888.jpg,3,
19214.jpg,0,
16236.jpg,3,
16605.jpg,3,
02114.jpg,3,
08522.jpg,5,
26047.jpg,3,
05865.jpg,6,
17731.jpg,4,
29618.jpg,4,
09462.jpg,0,
17276.jpg,4,
02246.jpg,5,
30764.jpg,4,
09455.jpg,4,
09354.jpg,2,
02452.jpg,4,
01818.jpg,6,
28088.jpg,3,
06874.jpg,6,
01858.jpg,2,
17858.jpg,4,
06214.jpg,6,
27333.jpg,3,
21966.jpg,3,
23484.jpg,4,
03766.jpg,5,
26773.jpg,4,
32889.jpg,4,
26044.jpg,6,
30227.jpg,4,
21227.jpg,2,
06751.jpg,4,
27668.jpg,6,
18772.jpg,4,
11653.jpg,4,
12040.jpg,4,
15644.jpg,4,
12924.jpg,4,
27821.jpg,5,
34728.jpg,0,
03888.jpg,2,
26228.jpg,6,
01116.jpg,1,
31615.jpg,6,
27498.jpg,3,
20487.jpg,6,
24550.jpg,0,
21640.jpg,0,
13937.jpg,0,
33783.jpg,6,
12622.jpg,4,
17508.jpg,3,
33636.jpg,3,
07186.jpg,3,
19248.jpg,4,
19961.jpg,6,
17955.jpg,6,
23337.jpg,3,
02815.jpg,0,
26338.jpg,0,
20473.jpg,6,
32203.jpg,4,
24933.jpg,3,
03319.jpg,3,
11903.jpg,5,
10397.jpg,2,
08165.jpg,4,
02876.jpg,2,
05095.jpg,0,
10772.jpg,0,
03690.jpg,3,
30674.jpg,0,
08976.jpg,5,
19725.jpg,5,
21403.jpg,6,
22050.jpg,5,
15512.jpg,6,
28107.jpg,2,
07391.jpg,0,
02239.jpg,4,
05265.jpg,3,
07131.jpg,3,
29522.jpg,4,
20859.jpg,2,
34856.jpg,3,
13409.jpg,0,
05194.jpg,6,
06765.jpg,3,
01939.jpg,3,
07700.jpg,5,
16553.jpg,3,
07815.jpg,6,
14565.jpg,6,
18907.jpg,4,
31382.jpg,4,
24668.jpg,4,
21697.jpg,2,
31144.jpg,4,
00494.jpg,6,
27224.jpg,6,
02112.jpg,0,
07233.jpg,4,
25851.jpg,3,
06668.jpg,2,
01612.jpg,6,
19390.jpg,5,
25087.jpg,3,
04718.jpg,0,
25090.jpg,6,
28969.jpg,6,
07651.jpg,6,
01055.jpg,6,
29098.jpg,4,
16783.jpg,3,
28143.jpg,4,
20861.jpg,3,
09059.jpg,4,
09673.jpg,5,
16696.jpg,2,
08726.jpg,3,
05351.jpg,3,
14843.jpg,2,
22580.jpg,6,
16322.jpg,6,
16436.jpg,2,
27827.jpg,6,
13365.jpg,6,
33526.jpg,3,
06464.jpg,6,
06262.jpg,3,
15911.jpg,3,
34642.jpg,2,
20109.jpg,4,
08108.jpg,6,
14342.jpg,5,
13995.jpg,6,
01157.jpg,4,
21324.jpg,3,
11782.jpg,0,
07838.jpg,1,
14977.jpg,0,
32226.jpg,0,
12466.jpg,6,
10809.jpg,4,
05439.jpg,3,
00190.jpg,2,
09407.jpg,4,
05048.jpg,3,
07007.jpg,3,
08358.jpg,6,
20724.jpg,3,
17586.jpg,6,
30699.jpg,3,
18357.jpg,3,
24384.jpg,0,
10178.jpg,6,
20106.jpg,6,
11793.jpg,4,
00749.jpg,2,
27150.jpg,0,
26843.jpg,2,
01382.jpg,3,
27819.jpg,5,
07182.jpg,3,
02061.jpg,5,
29616.jpg,3,
19450.jpg,3,
23296.jpg,3,
16013.jpg,0,
11753.jpg,4,
04478.jpg,2,
15426.jpg,6,
02279.jpg,4,
07228.jpg,6,
18214.jpg,3,
04230.jpg,0,
06880.jpg,3,
31365.jpg,5,
22275.jpg,2,
16173.jpg,5,
05951.jpg,3,
14633.jpg,2,
32839.jpg,3,
12637.jpg,3,
07731.jpg,4,
33297.jpg,3,
12340.jpg,2,
35739.jpg,5,
08591.jpg,5,
15901.jpg,4,
00697.jpg,4,
27513.jpg,0,
30912.jpg,4,
01374.jpg,0,
23594.jpg,3,
16634.jpg,3,
35538.jpg,6,
00806.jpg,4,
31464.jpg,5,
28101.jpg,4,
18288.jpg,6,
01884.jpg,6,
06940.jpg,4,
04379.jpg,2,
08044.jpg,2,
30176.jpg,3,
34794.jpg,1,
05316.jpg,2,
29766.jpg,4,
15742.jpg,5,
34313.jpg,2,
11581.jpg,6,
16317.jpg,0,
28243.jpg,3,
22266.jpg,6,
26698.jpg,3,
23411.jpg,6,
18407.jpg,3,
17691.jpg,3,
16227.jpg,2,
00007.jpg,4,
13538.jpg,2,
23584.jpg,4,
04930.jpg,3,
00947.jpg,0,
28803.jpg,4,
31241.jpg,6,
11933.jpg,5,
20707.jpg,1,
21775.jpg,6,
14529.jpg,2,
10589.jpg,4,
02357.jpg,2,
13393.jpg,6,
11828.jpg,4,
19137.jpg,3,
04776.jpg,3,
11431.jpg,3,
32639.jpg,0,
26870.jpg,4,
13908.jpg,4,
34976.jpg,3,
14300.jpg,0,
07967.jpg,2,
10504.jpg,6,
17653.jpg,3,
24415.jpg,2,
18450.jpg,2,
06236.jpg,0,
15457.jpg,5,
28481.jpg,6,
22975.jpg,6,
05051.jpg,3,
12130.jpg,3,
12170.jpg,6,
11362.jpg,4,
28142.jpg,5,
28225.jpg,3,
01610.jpg,4,
34534.jpg,4,
22188.jpg,0,
14120.jpg,3,
04929.jpg,3,
23240.jpg,4,
12826.jpg,5,
14918.jpg,1,
11528.jpg,5,
06468.jpg,4,
30751.jpg,4,
03154.jpg,6,
00692.jpg,3,
03082.jpg,6,
29737.jpg,2,
18925.jpg,4,
11756.jpg,0,
24841.jpg,3,
00043.jpg,4,
25751.jpg,5,
32456.jpg,0,
29216.jpg,3,
14221.jpg,6,
14941.jpg,4,
27533.jpg,6,
29395.jpg,6,
04329.jpg,6,
11089.jpg,4,
16494.jpg,6,
00400.jpg,6,
22722.jpg,5,
20001.jpg,3,
19530.jpg,3,
04692.jpg,6,
26597.jpg,6,
19192.jpg,3,
29712.jpg,6,
02547.jpg,4,
32467.jpg,3,
09853.jpg,6,
03443.jpg,0,
31450.jpg,2,
20985.jpg,3,
18854.jpg,3,
25480.jpg,6,
28620.jpg,6,
11553.jpg,3,
30578.jpg,3,
24703.jpg,2,
09864.jpg,4,
32061.jpg,4,
29727.jpg,2,
14558.jpg,0,
02739.jpg,3,
33603.jpg,5,
31588.jpg,5,
07430.jpg,2,
30841.jpg,2,
12483.jpg,6,
27417.jpg,2,
28354.jpg,4,
08544.jpg,3,
25895.jpg,5,
01871.jpg,3,
18530.jpg,2,
18736.jpg,4,
27874.jpg,4,
17935.jpg,2,
35844.jpg,3,
30787.jpg,6,
25889.jpg,6,
01385.jpg,0,
11575.jpg,5,
34491.jpg,3,
27713.jpg,2,
09631.jpg,5,
24548.jpg,4,
11673.jpg,4,
11531.jpg,3,
27667.jpg,5,
27847.jpg,2,
14135.jpg,4,
10632.jpg,4,
13520.jpg,2,
31388.jpg,4,
18830.jpg,0,
13453.jpg,0,
27752.jpg,3,
01108.jpg,5,
00917.jpg,6,
27508.jpg,4,
28470.jpg,4,
18794.jpg,3,
33067.jpg,3,
29867.jpg,0,
33031.jpg,3,
24945.jpg,3,
20827.jpg,6,
03452.jpg,5,
35599.jpg,3,
02106.jpg,4,
10404.jpg,6,
02420.jpg,1,
02256.jpg,4,
20615.jpg,5,
09659.jpg,4,
13781.jpg,5,
19438.jpg,3,
31353.jpg,6,
06216.jpg,4,
19901.jpg,6,
30196.jpg,6,
07467.jpg,6,
18779.jpg,6,
11454.jpg,6,
04739.jpg,4,
21036.jpg,2,
21693.jpg,3,
13906.jpg,3,
19811.jpg,2,
26515.jpg,6,
09226.jpg,2,
27882.jpg,1,
05162.jpg,6,
05176.jpg,2,
26383.jpg,6,
33809.jpg,3,
02220.jpg,3,
18585.jpg,4,
13532.jpg,6,
06829.jpg,2,
04452.jpg,3,
21197.jpg,0,
17675.jpg,5,
02437.jpg,3,
17310.jpg,5,
05748.jpg,0,
02539.jpg,4,
05083.jpg,3,
35162.jpg,0,
27002.jpg,2,
18209.jpg,6,
08283.jpg,3,
14820.jpg,3,
06747.jpg,5,
25354.jpg,5,
02489.jpg,6,
24643.jpg,3,
00629.jpg,3,
14270.jpg,6,
26855.jpg,0,
27105.jpg,3,
12659.jpg,4,
25228.jpg,0,
10459.jpg,2,
19034.jpg,3,
34796.jpg,0,
08117.jpg,4,
23349.jpg,6,
11764.jpg,3,
12858.jpg,3,
20555.jpg,6,
30442.jpg,6,
31780.jpg,0,
32705.jpg,6,
09297.jpg,3,
16050.jpg,6,
00593.jpg,6,
28924.jpg,4,
00003.jpg,2,
31704.jpg,0,
33435.jpg,2,
17209.jpg,3,
24827.jpg,0,
16690.jpg,4,
26651.jpg,3,
03993.jpg,3,
15912.jpg,6,
23181.jpg,4,
22565.jpg,6,
14404.jpg,2,
06505.jpg,4,
02842.jpg,5,
33695.jpg,6,
11591.jpg,2,
28189.jpg,6,
17233.jpg,4,
12635.jpg,2,
08619.jpg,5,
15227.jpg,5,
05698.jpg,4,
16520.jpg,3,
04808.jpg,0,
33488.jpg,6,
33918.jpg,3,
18034.jpg,3,
15421.jpg,3,
12628.jpg,3,
02795.jpg,3,
20892.jpg,2,
06368.jpg,3,
33875.jpg,3,
27385.jpg,3,
22111.jpg,3,
14576.jpg,0,
28899.jpg,3,
32123.jpg,6,
22864.jpg,3,
02286.jpg,3,
33744.jpg,4,
07006.jpg,4,
20702.jpg,2,
08825.jpg,0,
13251.jpg,2,
03503.jpg,6,
20212.jpg,5,
29539.jpg,4,
12454.jpg,5,
08321.jpg,0,
01417.jpg,6,
11279.jpg,6,
02863.jpg,3,
30805.jpg,3,
05480.jpg,6,
29090.jpg,0,
35268.jpg,6,
27731.jpg,4,
12903.jpg,3,
27006.jpg,4,
26136.jpg,5,
13492.jpg,4,
17710.jpg,0,
11552.jpg,2,
27468.jpg,4,
23655.jpg,4,
25919.jpg,2,
02719.jpg,2,
17755.jpg,0,
31597.jpg,6,
18093.jpg,6,
29691.jpg,5,
19553.jpg,6,
28385.jpg,2,
14670.jpg,0,
31482.jpg,2,
16451.jpg,2,
20943.jpg,0,
01260.jpg,6,
33937.jpg,4,
24181.jpg,3,
02122.jpg,2,
24770.jpg,3,
14449.jpg,3,
13778.jpg,4,
20146.jpg,5,
20000.jpg,2,
13820.jpg,3,
20823.jpg,5,
05147.jpg,3,
23806.jpg,3,
20387.jpg,3,
03639.jpg,3,
23381.jpg,3,
29440.jpg,3,
12004.jpg,1,
06881.jpg,3,
35845.jpg,0,
17782.jpg,0,
21982.jpg,6,
06365.jpg,0,
00142.jpg,3,
04380.jpg,4,
18610.jpg,0,
31593.jpg,0,
21098.jpg,3,
05264.jpg,2,
01105.jpg,2,
03884.jpg,3,
19822.jpg,4,
06381.jpg,3,
12209.jpg,2,
12798.jpg,3,
16673.jpg,0,
01354.jpg,4,
22703.jpg,6,
30083.jpg,0,
19296.jpg,3,
02696.jpg,1,
06827.jpg,6,
20493.jpg,0,
01630.jpg,6,
22107.jpg,5,
01165.jpg,3,
10588.jpg,3,
00744.jpg,0,
15914.jpg,4,
09811.jpg,4,
24713.jpg,4,
14954.jpg,4,
13432.jpg,0,
28233.jpg,1,
04857.jpg,6,
34793.jpg,3,
35257.jpg,3,
33268.jpg,3,
25143.jpg,4,
12148.jpg,3,
06010.jpg,0,
07776.jpg,6,
02952.jpg,3,
02247.jpg,0,
10747.jpg,0,
02118.jpg,0,
19636.jpg,6,
11682.jpg,3,
10858.jpg,2,
23260.jpg,4,
18325.jpg,3,
05237.jpg,3,
02910.jpg,0,
09856.jpg,3,
30350.jpg,2,
00568.jpg,6,
07280.jpg,3,
18667.jpg,3,
11612.jpg,4,
35645.jpg,5,
33951.jpg,5,
35488.jpg,6,
17481.jpg,3,
22577.jpg,6,
20573.jpg,6,
07483.jpg,0,
00158.jpg,0,
06861.jpg,4,
15078.jpg,3,
25770.jpg,3,
24564.jpg,3,
00510.jpg,0,
30492.jpg,2,
01667.jpg,5,
28826.jpg,3,
29410.jpg,2,
34294.jpg,3,
25470.jpg,3,
25426.jpg,4,
22834.jpg,5,
13480.jpg,4,
23566.jpg,6,
05941.jpg,3,
27395.jpg,3,
02476.jpg,5,
23311.jpg,3,
06070.jpg,6,
13563.jpg,4,
00185.jpg,0,
27719.jpg,3,
07393.jpg,3,
14956.jpg,6,
21221.jpg,0,
15689.jpg,0,
31063.jpg,3,
17905.jpg,3,
11583.jpg,4,
18575.jpg,2,
33077.jpg,4,
22200.jpg,6,
09114.jpg,3,
12400.jpg,3,
04225.jpg,3,
23235.jpg,3,
02120.jpg,5,
16374.jpg,6,
26671.jpg,4,
00560.jpg,4,
31850.jpg,0,
11205.jpg,3,
09512.jpg,6,
35226.jpg,3,
35771.jpg,3,
29409.jpg,0,
21766.jpg,1,
12684.jpg,6,
20010.jpg,4,
21931.jpg,3,
12770.jpg,0,
32328.jpg,3,
34351.jpg,0,
26288.jpg,4,
19618.jpg,4,
03062.jpg,6,
32041.jpg,5,
13169.jpg,3,
10834.jpg,2,
34053.jpg,3,
09210.jpg,6,
23295.jpg,0,
32432.jpg,0,
25094.jpg,3,
35169.jpg,0,
19331.jpg,3,
22094.jpg,4,
07593.jpg,1,
05167.jpg,4,
30304.jpg,5,
19492.jpg,0,
32355.jpg,3,
00212.jpg,2,
11892.jpg,4,
14770.jpg,4,
00297.jpg,3,
24684.jpg,0,
14691.jpg,6,
09077.jpg,6,
32021.jpg,6,
17309.jpg,6,
03020.jpg,4,
35180.jpg,4,
02299.jpg,2,
35834.jpg,5,
33585.jpg,6,
23617.jpg,2,
01824.jpg,5,
33876.jpg,6,
06818.jpg,4,
15059.jpg,3,
04359.jpg,3,
09889.jpg,2,
21120.jpg,3,
21618.jpg,3,
00267.jpg,4,
16825.jpg,6,
23543.jpg,4,
13884.jpg,4,
09434.jpg,4,
13775.jpg,3,
21539.jpg,3,
10386.jpg,0,
33022.jpg,5,
26528.jpg,2,
16893.jpg,4,
35283.jpg,4,
10531.jpg,5,
00909.jpg,0,
10995.jpg,0,
33900.jpg,0,
11810.jpg,6,
23344.jpg,6,
07725.jpg,4,
08214.jpg,6,
16312.jpg,3,
31401.jpg,1,
26096.jpg,4,
34470.jpg,3,
01955.jpg,3,
29399.jpg,3,
23040.jpg,6,
08545.jpg,3,
25497.jpg,2,
02581.jpg,6,
27306.jpg,4,
10852.jpg,0,
15534.jpg,5,
13745.jpg,3,
12252.jpg,6,
31349.jpg,5,
33172.jpg,5,
08370.jpg,4,
22106.jpg,6,
03655.jpg,3,
19069.jpg,4,
13115.jpg,2,
14113.jpg,3,
34644.jpg,4,
24418.jpg,4,
32144.jpg,2,
11068.jpg,3,
07855.jpg,0,
28222.jpg,0,
07595.jpg,4,
02053.jpg,6,
15184.jpg,4,
34444.jpg,6,
25471.jpg,3,
13381.jpg,4,
01134.jpg,2,
24507.jpg,2,
00389.jpg,1,
20781.jpg,3,
07318.jpg,4,
09854.jpg,5,
24594.jpg,0,
12190.jpg,3,
29524.jpg,0,
30397.jpg,2,
16222.jpg,3,
26038.jpg,6,
26643.jpg,4,
30323.jpg,5,
00632.jpg,4,
19018.jpg,3,
02758.jpg,3,
09333.jpg,3,
04294.jpg,2,
35708.jpg,3,
05457.jpg,5,
19642.jpg,5,
29362.jpg,2,
16335.jpg,3,
05130.jpg,0,
25160.jpg,3,
04647.jpg,2,
05459.jpg,3,
18892.jpg,5,
11908.jpg,3,
33545.jpg,3,
14798.jpg,2,
03863.jpg,0,
20829.jpg,4,
07752.jpg,4,
01931.jpg,2,
07712.jpg,0,
07013.jpg,3,
21547.jpg,4,
32638.jpg,4,
17292.jpg,3,
14239.jpg,3,
05605.jpg,3,
10585.jpg,6,
18285.jpg,0,
08426.jpg,6,
06639.jpg,1,
24590.jpg,5,
16557.jpg,1,
09381.jpg,5,
13812.jpg,6,
28863.jpg,3,
34284.jpg,0,
09861.jpg,2,
04801.jpg,3,
32249.jpg,3,
17728.jpg,6,
19418.jpg,3,
01070.jpg,4,
01834.jpg,3,
03983.jpg,3,
18461.jpg,0,
22924.jpg,2,
21052.jpg,4,
15643.jpg,4,
02084.jpg,3,
23376.jpg,0,
10961.jpg,3,
27940.jpg,5,
01015.jpg,3,
22199.jpg,0,
32076.jpg,3,
32438.jpg,0,
26628.jpg,2,
08366.jpg,6,
12084.jpg,4,
04658.jpg,5,
03298.jpg,2,
26272.jpg,6,
01933.jpg,3,
06490.jpg,3,
27167.jpg,3,
24206.jpg,5,
34219.jpg,6,
30237.jpg,3,
29177.jpg,6,
27876.jpg,0,
33729.jpg,4,
06862.jpg,4,
02306.jpg,3,
03224.jpg,5,
24664.jpg,3,
03340.jpg,4,
13076.jpg,0,
03553.jpg,3,
18606.jpg,5,
33591.jpg,6,
02066.jpg,3,
04501.jpg,4,
14430.jpg,3,
30907.jpg,3,
18889.jpg,4,
02479.jpg,4,
02346.jpg,4,
03419.jpg,4,
30561.jpg,3,
28314.jpg,3,
26086.jpg,3,
17170.jpg,3,
13943.jpg,0,
02361.jpg,2,
33922.jpg,2,
20891.jpg,6,
19276.jpg,6,
12395.jpg,6,
32568.jpg,6,
27439.jpg,6,
10471.jpg,2,
18257.jpg,3,
01633.jpg,2,
23799.jpg,4,
34721.jpg,3,
24260.jpg,3,
31384.jpg,0,
16685.jpg,3,
03913.jpg,6,
31041.jpg,4,
16090.jpg,2,
33171.jpg,0,
10092.jpg,6,
03124.jpg,6,
27759.jpg,4,
15586.jpg,2,
07916.jpg,4,
35867.jpg,6,
27632.jpg,5,
15849.jpg,0,
17446.jpg,0,
01930.jpg,2,
15256.jpg,6,
19373.jpg,4,
12864.jpg,0,
10269.jpg,5,
14473.jpg,4,
03563.jpg,3,
30833.jpg,3,
07862.jpg,5,
22283.jpg,2,
25722.jpg,0,
30490.jpg,5,
17187.jpg,0,
14167.jpg,0,
07419.jpg,0,
14400.jpg,3,
07022.jpg,4,
25224.jpg,3,
18389.jpg,6,
20925.jpg,5,
23770.jpg,3,
21311.jpg,0,
15398.jpg,3,
09047.jpg,6,
28002.jpg,2,
30161.jpg,6,
25294.jpg,6,
28011.jpg,5,
18560.jpg,2,
30920.jpg,4,
02089.jpg,3,
33987.jpg,0,
35075.jpg,3,
27164.jpg,6,
19658.jpg,3,
05052.jpg,6,
20246.jpg,2,
13756.jpg,4,
00954.jpg,4,
03432.jpg,3,
06005.jpg,3,
32035.jpg,6,
18499.jpg,3,
26244.jpg,5,
13294.jpg,4,
19247.jpg,3,
10031.jpg,6,
02302.jpg,0,
03247.jpg,3,
07837.jpg,5,
23868.jpg,0,
25931.jpg,2,
21177.jpg,0,
30958.jpg,4,
06553.jpg,6,
11645.jpg,0,
05224.jpg,2,
34633.jpg,0,
02572.jpg,4,
32779.jpg,6,
26864.jpg,2,
15935.jpg,5,
10737.jpg,2,
16031.jpg,6,
35153.jpg,5,
06150.jpg,4,
34108.jpg,3,
14813.jpg,6,
25318.jpg,3,
11273.jpg,3,
26503.jpg,3,
12959.jpg,4,
30668.jpg,3,
22733.jpg,4,
20459.jpg,0,
27814.jpg,3,
29767.jpg,3,
03519.jpg,4,
01923.jpg,3,
23399.jpg,6,
01146.jpg,5,
24984.jpg,4,
01908.jpg,5,
20256.jpg,2,
24853.jpg,5,
10638.jpg,4,
29324.jpg,5,
15611.jpg,0,
04486.jpg,3,
20855.jpg,6,
27103.jpg,3,
15563.jpg,0,
15646.jpg,3,
09485.jpg,6,
34195.jpg,4,
35848.jpg,3,
02414.jpg,3,
01098.jpg,3,
29463.jpg,2,
35173.jpg,3,
01074.jpg,1,
27453.jpg,3,
19804.jpg,3,
14168.jpg,2,
05063.jpg,3,
04825.jpg,2,
03645.jpg,0,
12601.jpg,3,
20438.jpg,6,
33394.jpg,5,
14115.jpg,2,
08520.jpg,0,
11138.jpg,2,
19040.jpg,5,
24461.jpg,4,
05091.jpg,3,
33763.jpg,3,
00078.jpg,0,
15579.jpg,2,
10612.jpg,2,
12541.jpg,0,
19561.jpg,6,
10971.jpg,0,
07910.jpg,6,
19759.jpg,6,
20044.jpg,3,
06952.jpg,3,
25479.jpg,6,
17267.jpg,6,
33037.jpg,0,
18380.jpg,6,
20488.jpg,3,
06789.jpg,4,
34956.jpg,0,
14645.jpg,4,
35493.jpg,3,
30422.jpg,4,
